time,io,ctlmode,ctlbrake,ctlthrottle,ctlgear_location,vehicle_speed,engine_rpm,driving_mode,throttle_percentage,brake_percentage,gear_location, imu
1551909183.8781,0,1,0.0,0.0,0,0.0,nan,1,0.0,0.600000023842,1,0.0118517664655
1551909183.8879,0,1,0.0,0.0,0,0.0,nan,1,0.0,0.600000023842,1,0.00454223324685
1551909183.8973,0,1,0.0,0.0,0,0.0,nan,1,0.0,0.600000023842,1,-0.0125739963016
1551909183.9076,0,1,0.0,0.0,0,0.0,nan,0,0.0,0.600000023842,1,-0.0119524609045
1551909183.9179,0,1,0.0,0.0,0,0.0,nan,0,0.0,57.1399993896,1,0.000904934392119
1551909183.9272,0,1,0.0,0.0,0,0.0,nan,0,0.0,57.1399993896,1,0.00916976582007
1551909183.9376,0,1,0.0,0.0,0,0.0,nan,0,0.0,57.1399993896,1,-0.0223572796769
1551909183.9479,0,1,0.0,0.0,0,0.0,nan,0,0.0,57.1510009766,1,-0.0412905649258
1551909183.9574,0,1,0.0,0.0,0,0.0,nan,0,0.0,57.1510009766,1,-0.0412905649258
1551909183.9678,0,1,0.0,0.0,0,0.0,nan,0,0.0,57.1510009766,1,-0.0291023637975
1551909183.9772,0,1,0.0,0.0,0,0.0,nan,0,0.0,57.1510009766,1,0.0174089078939
1551909183.9876,0,1,0.0,0.0,0,0.0,nan,0,0.0,57.1609992981,1,-0.00646779540741
1551909183.9979,0,1,0.0,0.0,0,0.0,nan,0,0.0,57.1609992981,1,-0.0122961747224
1551909184.0074,0,1,0.0,0.0,0,0.0,nan,0,0.0,57.1609992981,1,-0.0181278895971
1551909184.0177,0,1,0.0,0.0,0,0.0,nan,0,0.0,57.1739997864,1,-0.0168936514205
1551909184.0279,0,1,0.0,0.0,0,0.0,nan,0,0.0,57.1739997864,1,-0.0309394232409
1551909184.0372,0,1,0.0,0.0,0,0.0,nan,0,0.0,57.1739997864,1,-0.0196270209199
1551909184.0476,0,1,0.0,0.0,0,0.0,nan,0,0.0,57.1819992065,1,-0.0557322641125
1551909184.0579,0,1,0.0,0.0,0,0.0,nan,0,0.0,57.1819992065,1,-0.0101678715483
1551909184.0672,0,1,0.0,0.0,0,0.0,nan,0,0.0,57.1819992065,1,-0.0230348000001
1551909184.0775,0,1,0,0,1,0.0,nan,0,0.0,57.1819992065,1,-0.0347929229591
1551909184.0829,1,1,0,45.0,1,0.0,nan,0,0.0,57.1819992065,1,-0.0347929229591
1551909184.0878,0,1,0,45.0,1,0.0,nan,0,0.0,57.1899986267,1,-0.0347929229591
1551909184.0930,1,1,0,45.0,1,0.0,nan,0,0.0,57.1899986267,1,-0.0347929229591
1551909184.0971,0,1,0,45.0,1,0.0,nan,0,0.0,57.1899986267,1,-0.0338242419851
1551909184.1030,1,1,0,45.0,1,0.0,nan,0,0.0,57.1899986267,1,-0.0338242419851
1551909184.1075,0,1,0,45.0,1,0.0,nan,0,0.0,57.1899986267,1,-0.0338242419851
1551909184.1130,1,1,0,45.0,1,0.0,nan,0,0.0,57.1899986267,1,-0.0338242419851
1551909184.1180,0,1,0,45.0,1,0.0,nan,0,0.0,57.1959991455,1,-0.0133135463913
1551909184.1230,1,1,0,45.0,1,0.0,nan,0,0.0,57.1959991455,1,-0.0133135463913
1551909184.1276,0,1,0,45.0,1,0.0,nan,0,0.0,57.1959991455,1,-0.0240123651231
1551909184.1330,1,1,0,45.0,1,0.0,nan,0,0.0,57.1959991455,1,-0.0240123651231
1551909184.1379,0,1,0,45.0,1,0.0,nan,0,0.0,57.1959991455,1,-0.0191451385868
1551909184.1430,1,1,0,45.0,1,0.0,nan,0,0.0,57.1959991455,1,-0.0191451385868
1551909184.1473,0,1,0,45.0,1,0.0,nan,0,0.0,57.1959991455,1,-0.00175355332552
1551909184.1530,1,1,0,45.0,1,0.0,nan,0,0.0,57.1959991455,1,-0.00175355332552
1551909184.1578,0,1,0,45.0,1,0.0,nan,0,0.0,57.1990013123,1,-0.0020954100026
1551909184.1630,1,1,0,45.0,1,0.0,nan,0,0.0,57.1990013123,1,-0.0020954100026
1551909184.1672,0,1,0,45.0,1,0.0,nan,0,0.0,57.1990013123,1,-0.0342727506336
1551909184.1730,1,1,0,45.0,1,0.0,nan,0,0.0,57.1990013123,1,-0.0342727506336
1551909184.1775,0,1,0,45.0,1,0.0,nan,0,0.0,57.1990013123,1,-0.00221292103802
1551909184.1830,1,1,0,45.0,1,0.0,nan,0,0.0,57.1990013123,1,-0.00221292103802
1551909184.1879,0,1,0,45.0,1,0.0,nan,1,0.449000000954,0.0,1,-0.0273553280593
1551909184.1930,1,1,0,45.0,1,0.0,nan,1,0.449000000954,0.0,1,-0.0273553280593
1551909184.1972,0,1,0,45.0,1,0.0,nan,1,0.449000000954,0.0,1,-0.0197241478983
1551909184.2030,1,1,0,45.0,1,0.0,nan,1,0.449000000954,0.0,1,-0.0197241478983
1551909184.2075,0,1,0,45.0,1,0.0,nan,1,0.449000000954,0.0,1,-0.0383671203734
1551909184.2130,1,1,0,45.0,1,0.0,nan,1,0.449000000954,0.0,1,-0.0383671203734
1551909184.2179,0,1,0,45.0,1,0.0,nan,1,0.449000000954,0.0,1,-0.0249037106145
1551909184.2230,1,1,0,45.0,1,0.0,nan,1,0.449000000954,0.0,1,-0.0249037106145
1551909184.2275,0,1,0,45.0,1,0.0,nan,1,0.449000000954,0.0,1,-0.0220491350566
1551909184.2330,1,1,0,45.0,1,0.0,nan,1,0.449000000954,0.0,1,-0.0220491350566
1551909184.2378,0,1,0,45.0,1,0.0,nan,1,0.449000000954,0.0,1,-0.0220491350566
1551909184.2430,1,1,0,45.0,1,0.0,nan,1,0.449000000954,0.0,1,-0.0220491350566
1551909184.2472,0,1,0,45.0,1,0.0,nan,1,0.449000000954,0.0,1,-0.0342808676359
1551909184.2530,1,1,0,45.0,1,0.0,nan,1,0.449000000954,0.0,1,-0.0342808676359
1551909184.2575,0,1,0,45.0,1,0.0,nan,1,0.449000000954,0.0,1,-0.0309128552353
1551909184.2630,1,1,0,45.0,1,0.0,nan,1,0.449000000954,0.0,1,-0.0309128552353
1551909184.2678,0,1,0,45.0,1,0.0,nan,1,0.449000000954,0.0,1,-0.0150284110869
1551909184.2729,1,1,0,45.0,1,0.0,nan,1,0.449000000954,0.0,1,-0.0150284110869
1551909184.2773,0,1,0,45.0,1,0.0,nan,1,0.449000000954,0.0,1,-0.0299762561524
1551909184.2830,1,1,0,45.0,1,0.0,nan,1,0.449000000954,0.0,1,-0.0299762561524
1551909184.2878,0,1,0,45.0,1,0.0,nan,1,0.449000000954,0.0,1,-0.015573177156
1551909184.2930,1,1,0,45.0,1,0.0,nan,1,0.449000000954,0.0,1,-0.015573177156
1551909184.2972,0,1,0,45.0,1,0.0,nan,1,0.449000000954,0.0,1,-0.0581443723488
1551909184.3030,1,1,0,45.0,1,0.0,nan,1,0.449000000954,0.0,1,-0.0581443723488
1551909184.3074,0,1,0,45.0,1,0.0,nan,1,0.449000000954,0.0,1,-0.0581443723488
1551909184.3130,1,1,0,45.0,1,0.0,nan,1,0.449000000954,0.0,1,-0.0581443723488
1551909184.3180,0,1,0,45.0,1,0.0,nan,1,0.449000000954,0.0,1,-0.0245500131149
1551909184.3230,1,1,0,45.0,1,0.0,nan,1,0.449000000954,0.0,1,-0.0245500131149
1551909184.3274,0,1,0,45.0,1,0.0,nan,1,0.449000000954,0.0,1,-0.0426548622698
1551909184.3330,1,1,0,45.0,1,0.0,nan,1,0.449000000954,0.0,1,-0.0426548622698
1551909184.3377,0,1,0,45.0,1,0.0,nan,1,0.449000000954,0.0,1,-0.0426548622698
1551909184.3430,1,1,0,45.0,1,0.0,nan,1,0.449000000954,0.0,1,-0.0426548622698
1551909184.3480,0,1,0,45.0,1,0.0,nan,1,0.449000000954,0.0,1,-0.0084520259102
1551909184.3530,1,1,0,45.0,1,0.0,nan,1,0.449000000954,0.0,1,-0.0084520259102
1551909184.3574,0,1,0,45.0,1,0.0,nan,1,0.449000000954,0.0,1,-0.0267949891962
1551909184.3630,1,1,0,45.0,1,0.0,nan,1,0.449000000954,0.0,1,-0.0267949891962
1551909184.3676,0,1,0,45.0,1,0.0,nan,1,0.449000000954,0.0,1,-0.0286597780364
1551909184.3730,1,1,0,45.0,1,0.0,nan,1,0.449000000954,0.0,1,-0.0286597780364
1551909184.3780,0,1,0,45.0,1,0.0,nan,1,0.449000000954,0.0,1,-0.0387558364829
1551909184.3830,1,1,0,45.0,1,0.0,nan,1,0.449000000954,0.0,1,-0.0387558364829
1551909184.3874,0,1,0,45.0,1,0.0399999991059,nan,1,0.449000000954,0.0,1,-0.00480425094733
1551909184.3930,1,1,0,45.0,1,0.0399999991059,nan,1,0.449000000954,0.0,1,-0.00480425094733
1551909184.3977,0,1,0,45.0,1,0.0399999991059,nan,1,0.449000000954,0.0,1,-0.0274257586772
1551909184.4030,1,1,0,45.0,1,0.0399999991059,nan,1,0.449000000954,0.0,1,-0.0274257586772
1551909184.4080,0,1,0,45.0,1,0.0399999991059,nan,1,0.449000000954,0.0,1,-0.0274257586772
1551909184.4130,1,1,0,45.0,1,0.0399999991059,nan,1,0.449000000954,0.0,1,-0.0274257586772
1551909184.4173,0,1,0,45.0,1,0.10000000149,nan,1,0.449000000954,0.0,1,-0.028936170879
1551909184.4230,1,1,0,45.0,1,0.10000000149,nan,1,0.449000000954,0.0,1,-0.028936170879
1551909184.4276,0,1,0,45.0,1,0.10000000149,nan,1,0.449000000954,0.0,1,-0.0328650757442
1551909184.4330,1,1,0,45.0,1,0.10000000149,nan,1,0.449000000954,0.0,1,-0.0328650757442
1551909184.4380,0,1,0,45.0,1,0.10000000149,nan,1,0.449000000954,0.0,1,0.00111018351673
1551909184.4430,1,1,0,45.0,1,0.10000000149,nan,1,0.449000000954,0.0,1,0.00111018351673
1551909184.4473,0,1,0,45.0,1,0.219999998808,nan,1,0.449000000954,0.0,1,-0.000421510455391
1551909184.4530,1,1,0,45.0,1,0.219999998808,nan,1,0.449000000954,0.0,1,-0.000421510455391
1551909184.4577,0,1,0,45.0,1,0.219999998808,nan,1,0.449000000954,0.0,1,0.0243757483171
1551909184.4630,1,1,0,45.0,1,0.219999998808,nan,1,0.449000000954,0.0,1,0.0243757483171
1551909184.4681,0,1,0,45.0,1,0.219999998808,nan,1,0.449000000954,0.0,1,0.408509278383
1551909184.4730,1,1,0,45.0,1,0.219999998808,nan,1,0.449000000954,0.0,1,0.408509278383
1551909184.4774,0,1,0,45.0,1,0.219999998808,nan,1,0.449000000954,0.0,1,0.654339287824
1551909184.4830,1,1,0,45.0,1,0.219999998808,nan,1,0.449000000954,0.0,1,0.654339287824
1551909184.4878,0,1,0,45.0,1,0.310000002384,nan,1,0.449000000954,0.0,1,0.810562695934
1551909184.4930,1,1,0,45.0,1,0.310000002384,nan,1,0.449000000954,0.0,1,0.810562695934
1551909184.4971,0,1,0,45.0,1,0.310000002384,nan,1,0.449000000954,0.0,1,0.739628648772
1551909184.5030,1,1,0,45.0,1,0.310000002384,nan,1,0.449000000954,0.0,1,0.739628648772
1551909184.5074,0,1,0,45.0,1,0.310000002384,nan,1,0.449000000954,0.0,1,0.736733089095
1551909184.5130,1,1,0,45.0,1,0.310000002384,nan,1,0.449000000954,0.0,1,0.736733089095
1551909184.5178,0,1,0,45.0,1,0.310000002384,nan,1,0.449000000954,0.0,1,0.678267988227
1551909184.5230,1,1,0,45.0,1,0.310000002384,nan,1,0.449000000954,0.0,1,0.678267988227
1551909184.5272,0,1,0,45.0,1,0.310000002384,nan,1,0.449000000954,0.0,1,0.638797284213
1551909184.5330,1,1,0,45.0,1,0.310000002384,nan,1,0.449000000954,0.0,1,0.638797284213
1551909184.5376,0,1,0,45.0,1,0.310000002384,nan,1,0.449000000954,0.0,1,0.52946519316
1551909184.5430,1,1,0,45.0,1,0.310000002384,nan,1,0.449000000954,0.0,1,0.52946519316
1551909184.5479,0,1,0,45.0,1,0.310000002384,nan,1,0.449000000954,0.0,1,0.325305030064
1551909184.5530,1,1,0,45.0,1,0.310000002384,nan,1,0.449000000954,0.0,1,0.325305030064
1551909184.5572,0,1,0,45.0,1,0.189999997616,nan,1,0.449000000954,0.0,1,0.16122915287
1551909184.5630,1,1,0,45.0,1,0.189999997616,nan,1,0.449000000954,0.0,1,0.16122915287
1551909184.5676,0,1,0,45.0,1,0.189999997616,nan,1,0.449000000954,0.0,1,0.0504508688045
1551909184.5730,1,1,0,45.0,1,0.189999997616,nan,1,0.449000000954,0.0,1,0.0504508688045
1551909184.5779,0,1,0,45.0,1,0.189999997616,nan,1,0.449000000954,0.0,1,-0.100479032782
1551909184.5830,1,1,0,45.0,1,0.189999997616,nan,1,0.449000000954,0.0,1,-0.100479032782
1551909184.5872,0,1,0,45.0,1,0.189999997616,nan,1,0.449000000954,0.0,1,-0.155525019867
1551909184.5930,1,1,0,45.0,1,0.189999997616,nan,1,0.449000000954,0.0,1,-0.155525019867
1551909184.5976,0,1,0,45.0,1,0.189999997616,nan,1,0.449000000954,0.0,1,-0.133593502857
1551909184.6030,1,1,0,45.0,1,0.189999997616,nan,1,0.449000000954,0.0,1,-0.133593502857
1551909184.6079,0,1,0,45.0,1,0.189999997616,nan,1,0.449000000954,0.0,1,0.0433783857706
1551909184.6130,1,1,0,45.0,1,0.189999997616,nan,1,0.449000000954,0.0,1,0.0433783857706
1551909184.6172,0,1,0,45.0,1,0.0900000035763,nan,1,0.449000000954,0.0,1,0.217071131414
1551909184.6230,1,1,0,45.0,1,0.0900000035763,nan,1,0.449000000954,0.0,1,0.217071131414
1551909184.6276,0,1,0,45.0,1,0.0900000035763,nan,1,0.449000000954,0.0,1,0.530798701618
1551909184.6330,1,1,0,45.0,1,0.0900000035763,nan,1,0.449000000954,0.0,1,0.530798701618
1551909184.6380,0,1,0,45.0,1,0.0900000035763,nan,1,0.449000000954,0.0,1,0.627690055368
1551909184.6429,1,1,0,45.0,1,0.0900000035763,nan,1,0.449000000954,0.0,1,0.627690055368
1551909184.6474,0,1,0,45.0,1,0.0900000035763,nan,1,0.449000000954,0.0,1,0.758108079374
1551909184.6530,1,1,0,45.0,1,0.0900000035763,nan,1,0.449000000954,0.0,1,0.758108079374
1551909184.6577,0,1,0,45.0,1,0.259999990463,nan,1,0.449000000954,0.0,1,0.758108079374
1551909184.6630,1,1,0,45.0,1,0.259999990463,nan,1,0.449000000954,0.0,1,0.758108079374
1551909184.6681,0,1,0,45.0,1,0.259999990463,nan,1,0.449000000954,0.0,1,0.675901347571
1551909184.6730,1,1,0,45.0,1,0.259999990463,nan,1,0.449000000954,0.0,1,0.675901347571
1551909184.6773,0,1,0,45.0,1,0.259999990463,nan,1,0.449000000954,0.0,1,0.62283378813
1551909184.6830,1,1,0,45.0,1,0.259999990463,nan,1,0.449000000954,0.0,1,0.62283378813
1551909184.6876,0,1,0,45.0,1,0.239999994636,nan,1,0.449000000954,0.0,1,0.623757252996
1551909184.6930,1,1,0,45.0,1,0.239999994636,nan,1,0.449000000954,0.0,1,0.623757252996
1551909184.6978,0,1,0,45.0,1,0.239999994636,nan,1,0.449000000954,0.0,1,0.53480814075
1551909184.7030,1,1,0,45.0,1,0.239999994636,nan,1,0.449000000954,0.0,1,0.53480814075
1551909184.7071,0,1,0,45.0,1,0.239999994636,nan,1,0.449000000954,0.0,1,0.312106877571
1551909184.7130,1,1,0,45.0,1,0.239999994636,nan,1,0.449000000954,0.0,1,0.312106877571
1551909184.7174,0,1,0,45.0,1,0.10000000149,nan,1,0.449000000954,0.0,1,0.0644195817981
1551909184.7230,1,1,0,45.0,1,0.10000000149,nan,1,0.449000000954,0.0,1,0.0644195817981
1551909184.7278,0,1,0,45.0,1,0.10000000149,nan,1,0.449000000954,0.0,1,0.0644195817981
1551909184.7330,1,1,0,45.0,1,0.10000000149,nan,1,0.449000000954,0.0,1,0.0644195817981
1551909184.7372,0,1,0,45.0,1,0.10000000149,nan,1,0.449000000954,0.0,1,-0.00673905040257
1551909184.7430,1,1,0,45.0,1,0.10000000149,nan,1,0.449000000954,0.0,1,-0.00673905040257
1551909184.7475,0,1,0,45.0,1,0.10000000149,nan,1,0.449000000954,0.0,1,0.0226101392475
1551909184.7530,1,1,0,45.0,1,0.10000000149,nan,1,0.449000000954,0.0,1,0.0226101392475
1551909184.7579,0,1,0,45.0,1,0.0299999993294,nan,1,0.449000000954,0.0,1,0.112194601564
1551909184.7630,1,1,0,45.0,1,0.0299999993294,nan,1,0.449000000954,0.0,1,0.112194601564
1551909184.7672,0,1,0,45.0,1,0.0299999993294,nan,1,0.449000000954,0.0,1,0.253726445099
1551909184.7730,1,1,0,45.0,1,0.0299999993294,nan,1,0.449000000954,0.0,1,0.253726445099
1551909184.7775,0,1,0,45.0,1,0.0299999993294,nan,1,0.449000000954,0.0,1,0.451002828933
1551909184.7830,1,1,0,45.0,1,0.0299999993294,nan,1,0.449000000954,0.0,1,0.451002828933
1551909184.7879,0,1,0,45.0,1,0.019999999553,nan,1,0.449000000954,0.0,1,0.51163918674
1551909184.7930,1,1,0,45.0,1,0.019999999553,nan,1,0.449000000954,0.0,1,0.51163918674
1551909184.7971,0,1,0,45.0,1,0.019999999553,nan,1,0.449000000954,0.0,1,0.58844992065
1551909184.8030,1,1,0,45.0,1,0.019999999553,nan,1,0.449000000954,0.0,1,0.58844992065
1551909184.8074,0,1,0,45.0,1,0.019999999553,nan,1,0.449000000954,0.0,1,0.616254115961
1551909184.8130,1,1,0,45.0,1,0.019999999553,nan,1,0.449000000954,0.0,1,0.616254115961
1551909184.8178,0,1,0,45.0,1,0.230000004172,nan,1,0.449000000954,0.0,1,0.670875460493
1551909184.8230,1,1,0,45.0,1,0.230000004172,nan,1,0.449000000954,0.0,1,0.670875460493
1551909184.8272,0,1,0,45.0,1,0.230000004172,nan,1,0.449000000954,0.0,1,0.701905561364
1551909184.8330,1,1,0,45.0,1,0.230000004172,nan,1,0.449000000954,0.0,1,0.701905561364
1551909184.8375,0,1,0,45.0,1,0.230000004172,nan,1,0.449000000954,0.0,1,0.700800416776
1551909184.8430,1,1,0,45.0,1,0.230000004172,nan,1,0.449000000954,0.0,1,0.700800416776
1551909184.8478,0,1,0,45.0,1,0.230000004172,nan,1,0.449000000954,0.0,1,0.626959565182
1551909184.8530,1,1,0,45.0,1,0.230000004172,nan,1,0.449000000954,0.0,1,0.626959565182
1551909184.8573,0,1,0,45.0,1,0.109999999404,nan,1,0.449000000954,0.0,1,0.550926523503
1551909184.8630,1,1,0,45.0,1,0.109999999404,nan,1,0.449000000954,0.0,1,0.550926523503
1551909184.8677,0,1,0,45.0,1,0.109999999404,nan,1,0.449000000954,0.0,1,0.423004296736
1551909184.8730,1,1,0,45.0,1,0.109999999404,nan,1,0.449000000954,0.0,1,0.423004296736
1551909184.8780,0,1,0,45.0,1,0.109999999404,nan,1,0.449000000954,0.0,1,0.289127401486
1551909184.8830,1,1,0,45.0,1,0.109999999404,nan,1,0.449000000954,0.0,1,0.289127401486
1551909184.8873,0,1,0,45.0,1,0.109999999404,nan,1,0.449000000954,0.0,1,0.270570784515
1551909184.8930,1,1,0,45.0,1,0.109999999404,nan,1,0.449000000954,0.0,1,0.270570784515
1551909184.8976,0,1,0,45.0,1,0.109999999404,nan,1,0.449000000954,0.0,1,0.316712846614
1551909184.9030,1,1,0,45.0,1,0.109999999404,nan,1,0.449000000954,0.0,1,0.316712846614
1551909184.9079,0,1,0,45.0,1,0.109999999404,nan,1,0.449000000954,0.0,1,0.360383335395
1551909184.9130,1,1,0,45.0,1,0.109999999404,nan,1,0.449000000954,0.0,1,0.360383335395
1551909184.9174,0,1,0,45.0,1,0.209999993443,nan,1,0.449000000954,0.0,1,0.434845290666
1551909184.9230,1,1,0,45.0,1,0.209999993443,nan,1,0.449000000954,0.0,1,0.434845290666
1551909184.9271,0,1,0,45.0,1,0.209999993443,nan,1,0.449000000954,0.0,1,0.483866970054
1551909184.9330,1,1,0,45.0,1,0.209999993443,nan,1,0.449000000954,0.0,1,0.483866970054
1551909184.9374,0,1,0,45.0,1,0.209999993443,nan,1,0.449000000954,0.0,1,0.609441781573
1551909184.9430,1,1,0,45.0,1,0.209999993443,nan,1,0.449000000954,0.0,1,0.609441781573
1551909184.9477,0,1,0,45.0,1,0.209999993443,nan,1,0.449000000954,0.0,1,0.609441781573
1551909184.9530,1,1,0,45.0,1,0.209999993443,nan,1,0.449000000954,0.0,1,0.609441781573
1551909184.9580,0,1,0,45.0,1,0.259999990463,nan,1,0.449000000954,0.0,1,0.702050648075
1551909184.9630,1,1,0,45.0,1,0.259999990463,nan,1,0.449000000954,0.0,1,0.702050648075
1551909184.9674,0,1,0,45.0,1,0.259999990463,nan,1,0.449000000954,0.0,1,0.720618825156
1551909184.9730,1,1,0,45.0,1,0.259999990463,nan,1,0.449000000954,0.0,1,0.720618825156
1551909184.9779,0,1,0,45.0,1,0.259999990463,nan,1,0.449000000954,0.0,1,0.737282907124
1551909184.9830,1,1,0,45.0,1,0.259999990463,nan,1,0.449000000954,0.0,1,0.737282907124
1551909184.9872,0,1,0,45.0,1,0.270000010729,nan,1,0.449000000954,0.0,1,0.694255687111
1551909184.9930,1,1,0,45.0,1,0.270000010729,nan,1,0.449000000954,0.0,1,0.694255687111
1551909184.9975,0,1,0,45.0,1,0.270000010729,nan,1,0.449000000954,0.0,1,0.694255687111
1551909185.0030,1,1,0,45.0,1,0.270000010729,nan,1,0.449000000954,0.0,1,0.694255687111
1551909185.0081,0,1,0,45.0,1,0.270000010729,nan,1,0.449000000954,0.0,1,0.562392449062
1551909185.0130,1,1,0,45.0,1,0.270000010729,nan,1,0.449000000954,0.0,1,0.562392449062
1551909185.0174,0,1,0,45.0,1,0.20000000298,nan,1,0.449000000954,0.0,1,0.506388116322
1551909185.0230,1,1,0,45.0,1,0.20000000298,nan,1,0.449000000954,0.0,1,0.506388116322
1551909185.0278,0,1,0,45.0,1,0.20000000298,nan,1,0.449000000954,0.0,1,0.432433217022
1551909185.0330,1,1,0,45.0,1,0.20000000298,nan,1,0.449000000954,0.0,1,0.432433217022
1551909185.0370,0,1,0,45.0,1,0.20000000298,nan,1,0.449000000954,0.0,1,0.43108763567
1551909185.0430,1,1,0,45.0,1,0.20000000298,nan,1,0.449000000954,0.0,1,0.43108763567
1551909185.0474,0,1,0,45.0,1,0.20000000298,nan,1,0.449000000954,0.0,1,0.425278029236
1551909185.0530,1,1,0,45.0,1,0.20000000298,nan,1,0.449000000954,0.0,1,0.425278029236
1551909185.0579,0,1,0,45.0,1,0.189999997616,nan,1,0.449000000954,0.0,1,0.483266852112
1551909185.0630,1,1,0,45.0,1,0.189999997616,nan,1,0.449000000954,0.0,1,0.483266852112
1551909185.0672,0,1,0,45.0,1,0.189999997616,nan,1,0.449000000954,0.0,1,0.497722154019
1551909185.0730,1,1,0,45.0,1,0.189999997616,nan,1,0.449000000954,0.0,1,0.497722154019
1551909185.0776,0,1,0,45.0,1,0.189999997616,nan,1,0.449000000954,0.0,1,0.553946206219
1551909185.0830,1,1,0,45.0,1,0.189999997616,nan,1,0.449000000954,0.0,1,0.553946206219
1551909185.0880,0,1,0,45.0,1,0.239999994636,nan,1,0.449000000954,0.0,1,0.606551301599
1551909185.0930,1,1,0,45.0,1,0.239999994636,nan,1,0.449000000954,0.0,1,0.606551301599
1551909185.0973,0,1,0,45.0,1,0.239999994636,nan,1,0.449000000954,0.0,1,0.655407716282
1551909185.1030,1,1,0,45.0,1,0.239999994636,nan,1,0.449000000954,0.0,1,0.655407716282
1551909185.1077,0,1,0,45.0,1,0.239999994636,nan,1,0.449000000954,0.0,1,0.744420060458
1551909185.1130,1,1,0,45.0,1,0.239999994636,nan,1,0.449000000954,0.0,1,0.744420060458
1551909185.1181,0,1,0,45.0,1,0.34999999404,nan,1,0.449000000954,0.0,1,0.783122827587
1551909185.1230,1,1,0,45.0,1,0.34999999404,nan,1,0.449000000954,0.0,1,0.783122827587
1551909185.1277,0,1,0,45.0,1,0.34999999404,nan,1,0.449000000954,0.0,1,0.764337807544
1551909185.1330,1,1,0,45.0,1,0.34999999404,nan,1,0.449000000954,0.0,1,0.764337807544
1551909185.1380,0,1,0,45.0,1,0.34999999404,nan,1,0.449000000954,0.0,1,0.794093660392
1551909185.1430,1,1,0,45.0,1,0.34999999404,nan,1,0.449000000954,0.0,1,0.794093660392
1551909185.1473,0,1,0,45.0,1,0.34999999404,nan,1,0.449000000954,0.0,1,0.695483827874
1551909185.1530,1,1,0,45.0,1,0.34999999404,nan,1,0.449000000954,0.0,1,0.695483827874
1551909185.1576,0,1,0,45.0,1,0.300000011921,nan,1,0.449000000954,0.0,1,0.644520328938
1551909185.1630,1,1,0,45.0,1,0.300000011921,nan,1,0.449000000954,0.0,1,0.644520328938
1551909185.1679,0,1,0,45.0,1,0.300000011921,nan,1,0.449000000954,0.0,1,0.542457130706
1551909185.1730,1,1,0,45.0,1,0.300000011921,nan,1,0.449000000954,0.0,1,0.542457130706
1551909185.1772,0,1,0,45.0,1,0.300000011921,nan,1,0.449000000954,0.0,1,0.567637443487
1551909185.1830,1,1,0,45.0,1,0.300000011921,nan,1,0.449000000954,0.0,1,0.567637443487
1551909185.1877,0,1,0,45.0,1,0.270000010729,nan,1,0.449000000954,0.0,1,0.5368820997
1551909185.1930,1,1,0,45.0,1,0.270000010729,nan,1,0.449000000954,0.0,1,0.5368820997
1551909185.1979,0,1,0,45.0,1,0.270000010729,nan,1,0.449000000954,0.0,1,0.551809611635
1551909185.2030,1,1,0,45.0,1,0.270000010729,nan,1,0.449000000954,0.0,1,0.551809611635
1551909185.2072,0,1,0,45.0,1,0.270000010729,nan,1,0.449000000954,0.0,1,0.586626429063
1551909185.2130,1,1,0,45.0,1,0.270000010729,nan,1,0.449000000954,0.0,1,0.586626429063
1551909185.2175,0,1,0,45.0,1,0.319999992847,nan,1,0.449000000954,0.0,1,0.609917718874
1551909185.2230,1,1,0,45.0,1,0.319999992847,nan,1,0.449000000954,0.0,1,0.609917718874
1551909185.2281,0,1,0,45.0,1,0.319999992847,nan,1,0.449000000954,0.0,1,0.669576595398
1551909185.2330,1,1,0,45.0,1,0.319999992847,nan,1,0.449000000954,0.0,1,0.669576595398
1551909185.2375,0,1,0,45.0,1,0.319999992847,nan,1,0.449000000954,0.0,1,0.719341631076
1551909185.2430,1,1,0,45.0,1,0.319999992847,nan,1,0.449000000954,0.0,1,0.719341631076
1551909185.2480,0,1,0,45.0,1,0.319999992847,nan,1,0.449000000954,0.0,1,0.776066032403
1551909185.2530,1,1,0,45.0,1,0.319999992847,nan,1,0.449000000954,0.0,1,0.776066032403
1551909185.2573,0,1,0,45.0,1,0.430000007153,nan,1,0.449000000954,0.0,1,0.813890120571
1551909185.2630,1,1,0,45.0,1,0.430000007153,nan,1,0.449000000954,0.0,1,0.813890120571
1551909185.2678,0,1,0,45.0,1,0.430000007153,nan,1,0.449000000954,0.0,1,0.817916681363
1551909185.2730,1,1,0,45.0,1,0.430000007153,nan,1,0.449000000954,0.0,1,0.817916681363
1551909185.2770,0,1,0,45.0,1,0.430000007153,nan,1,0.449000000954,0.0,1,0.808102110247
1551909185.2830,1,1,0,45.0,1,0.430000007153,nan,1,0.449000000954,0.0,1,0.808102110247
1551909185.2875,0,1,0,45.0,1,0.439999997616,nan,1,0.449000000954,0.0,1,0.777442779685
1551909185.2930,1,1,0,45.0,1,0.439999997616,nan,1,0.449000000954,0.0,1,0.777442779685
1551909185.2978,0,1,0,45.0,1,0.439999997616,nan,1,0.449000000954,0.0,1,0.74493201453
1551909185.3030,1,1,0,45.0,1,0.439999997616,nan,1,0.449000000954,0.0,1,0.74493201453
1551909185.3073,0,1,0,45.0,1,0.439999997616,nan,1,0.449000000954,0.0,1,0.692836407708
1551909185.3130,1,1,0,45.0,1,0.439999997616,nan,1,0.449000000954,0.0,1,0.692836407708
1551909185.3177,0,1,0,45.0,1,0.379999995232,nan,1,0.449000000954,0.0,1,0.651308854756
1551909185.3230,1,1,0,45.0,1,0.379999995232,nan,1,0.449000000954,0.0,1,0.651308854756
1551909185.3280,0,1,0,45.0,1,0.379999995232,nan,1,0.449000000954,0.0,1,0.651308854756
1551909185.3330,1,1,0,45.0,1,0.379999995232,nan,1,0.449000000954,0.0,1,0.651308854756
1551909185.3373,0,1,0,45.0,1,0.379999995232,nan,1,0.449000000954,0.0,1,0.689697373548
1551909185.3430,1,1,0,45.0,1,0.379999995232,nan,1,0.449000000954,0.0,1,0.689697373548
1551909185.3476,0,1,0,45.0,1,0.379999995232,nan,1,0.449000000954,0.0,1,0.688805177522
1551909185.3530,1,1,0,45.0,1,0.379999995232,nan,1,0.449000000954,0.0,1,0.688805177522
1551909185.3579,0,1,0,45.0,1,0.469999998808,nan,1,0.449000000954,0.0,1,0.732974278524
1551909185.3630,1,1,0,45.0,1,0.469999998808,nan,1,0.449000000954,0.0,1,0.732974278524
1551909185.3673,0,1,0,45.0,1,0.469999998808,nan,1,0.449000000954,0.0,1,0.744158379851
1551909185.3730,1,1,0,45.0,1,0.469999998808,nan,1,0.449000000954,0.0,1,0.744158379851
1551909185.3776,0,1,0,45.0,1,0.469999998808,nan,1,0.449000000954,0.0,1,0.783803009369
1551909185.3830,1,1,0,45.0,1,0.469999998808,nan,1,0.449000000954,0.0,1,0.783803009369
1551909185.3879,0,1,0,45.0,1,0.469999998808,nan,1,0.449000000954,0.0,1,0.766211933165
1551909185.3930,1,1,0,45.0,1,0.469999998808,nan,1,0.449000000954,0.0,1,0.766211933165
1551909185.3971,0,1,0,45.0,1,0.469999998808,nan,1,0.449000000954,0.0,1,0.819744675857
1551909185.4030,1,1,0,45.0,1,0.469999998808,nan,1,0.449000000954,0.0,1,0.819744675857
1551909185.4074,0,1,0,45.0,1,0.469999998808,nan,1,0.449000000954,0.0,1,0.849006515035
1551909185.4130,1,1,0,45.0,1,0.469999998808,nan,1,0.449000000954,0.0,1,0.849006515035
1551909185.4177,0,1,0,45.0,1,0.509999990463,nan,1,0.449000000954,0.0,1,0.847108391645
1551909185.4230,1,1,0,45.0,1,0.509999990463,nan,1,0.449000000954,0.0,1,0.847108391645
1551909185.4281,0,1,0,45.0,1,0.509999990463,nan,1,0.449000000954,0.0,1,0.853672664149
1551909185.4330,1,1,0,45.0,1,0.509999990463,nan,1,0.449000000954,0.0,1,0.853672664149
1551909185.4375,0,1,0,45.0,1,0.509999990463,nan,1,0.449000000954,0.0,1,0.801923942842
1551909185.4430,1,1,0,45.0,1,0.509999990463,nan,1,0.449000000954,0.0,1,0.801923942842
1551909185.4478,0,1,0,45.0,1,0.509999990463,nan,1,0.449000000954,0.0,1,0.788359660761
1551909185.4530,1,1,0,45.0,1,0.509999990463,nan,1,0.449000000954,0.0,1,0.788359660761
1551909185.4572,0,1,0,45.0,1,0.509999990463,nan,1,0.449000000954,0.0,1,0.778357388492
1551909185.4630,1,1,0,45.0,1,0.509999990463,nan,1,0.449000000954,0.0,1,0.778357388492
1551909185.4675,0,1,0,45.0,1,0.509999990463,nan,1,0.449000000954,0.0,1,0.752858470974
1551909185.4730,1,1,0,45.0,1,0.509999990463,nan,1,0.449000000954,0.0,1,0.752858470974
1551909185.4778,0,1,0,45.0,1,0.509999990463,nan,1,0.449000000954,0.0,1,0.718634086784
1551909185.4830,1,1,0,45.0,1,0.509999990463,nan,1,0.449000000954,0.0,1,0.718634086784
1551909185.4871,0,1,0,45.0,1,0.509999990463,nan,1,0.449000000954,0.0,1,0.718634086784
1551909185.4930,1,1,0,45.0,1,0.509999990463,nan,1,0.449000000954,0.0,1,0.718634086784
1551909185.4974,0,1,0,45.0,1,0.509999990463,nan,1,0.449000000954,0.0,1,0.758714402968
1551909185.5029,1,1,0,45.0,1,0.509999990463,nan,1,0.449000000954,0.0,1,0.758714402968
1551909185.5077,0,1,0,45.0,1,0.509999990463,nan,1,0.449000000954,0.0,1,0.768124330374
1551909185.5130,1,1,0,45.0,1,0.509999990463,nan,1,0.449000000954,0.0,1,0.768124330374
1551909185.5180,0,1,0,45.0,1,0.620000004768,nan,1,0.449000000954,0.0,1,0.78584027794
1551909185.5230,1,1,0,45.0,1,0.620000004768,nan,1,0.449000000954,0.0,1,0.78584027794
1551909185.5273,0,1,0,45.0,1,0.620000004768,nan,1,0.449000000954,0.0,1,0.814461984233
1551909185.5330,1,1,0,45.0,1,0.620000004768,nan,1,0.449000000954,0.0,1,0.814461984233
1551909185.5377,0,1,0,45.0,1,0.620000004768,nan,1,0.449000000954,0.0,1,0.832679846797
1551909185.5430,1,1,0,45.0,1,0.620000004768,nan,1,0.449000000954,0.0,1,0.832679846797
1551909185.5481,0,1,0,45.0,1,0.620000004768,nan,1,0.449000000954,0.0,1,0.886568212508
1551909185.5530,1,1,0,45.0,1,0.620000004768,nan,1,0.449000000954,0.0,1,0.886568212508
1551909185.5576,0,1,0,45.0,1,0.629999995232,nan,1,0.449000000954,0.0,1,0.905223635053
1551909185.5630,1,1,0,45.0,1,0.629999995232,nan,1,0.449000000954,0.0,1,0.905223635053
1551909185.5680,0,1,0,45.0,1,0.629999995232,nan,1,0.449000000954,0.0,1,0.88232476123
1551909185.5730,1,1,0,45.0,1,0.629999995232,nan,1,0.449000000954,0.0,1,0.88232476123
1551909185.5776,0,1,0,45.0,1,0.629999995232,nan,1,0.449000000954,0.0,1,0.916163500882
1551909185.5830,1,1,0,45.0,1,0.629999995232,nan,1,0.449000000954,0.0,1,0.916163500882
1551909185.5879,0,1,0,45.0,1,0.620000004768,nan,1,0.449000000954,0.0,1,0.853951267617
1551909185.5929,1,1,0,45.0,1,0.620000004768,nan,1,0.449000000954,0.0,1,0.853951267617
1551909185.5971,0,1,0,45.0,1,0.620000004768,nan,1,0.449000000954,0.0,1,0.780789218064
1551909185.6030,1,1,0,45.0,1,0.620000004768,nan,1,0.449000000954,0.0,1,0.780789218064
1551909185.6075,0,1,0,45.0,1,0.620000004768,nan,1,0.449000000954,0.0,1,0.824674597179
1551909185.6130,1,1,0,45.0,1,0.620000004768,nan,1,0.449000000954,0.0,1,0.824674597179
1551909185.6178,0,1,0,45.0,1,0.629999995232,nan,1,0.449000000954,0.0,1,0.792822524508
1551909185.6230,1,1,0,45.0,1,0.629999995232,nan,1,0.449000000954,0.0,1,0.792822524508
1551909185.6271,0,1,0,45.0,1,0.629999995232,nan,1,0.449000000954,0.0,1,0.835621981082
1551909185.6330,1,1,0,45.0,1,0.629999995232,nan,1,0.449000000954,0.0,1,0.835621981082
1551909185.6373,0,1,0,45.0,1,0.629999995232,nan,1,0.449000000954,0.0,1,0.825015598899
1551909185.6430,1,1,0,45.0,1,0.629999995232,nan,1,0.449000000954,0.0,1,0.825015598899
1551909185.6478,0,1,0,45.0,1,0.629999995232,nan,1,0.449000000954,0.0,1,0.898231961733
1551909185.6530,1,1,0,45.0,1,0.629999995232,nan,1,0.449000000954,0.0,1,0.898231961733
1551909185.6570,0,1,0,45.0,1,0.72000002861,nan,1,0.449000000954,0.0,1,0.807919120093
1551909185.6629,1,1,0,45.0,1,0.72000002861,nan,1,0.449000000954,0.0,1,0.807919120093
1551909185.6674,0,1,0,45.0,1,0.72000002861,nan,1,0.449000000954,0.0,1,0.845545587894
1551909185.6730,1,1,0,45.0,1,0.72000002861,nan,1,0.449000000954,0.0,1,0.845545587894
1551909185.6779,0,1,0,45.0,1,0.72000002861,nan,1,0.449000000954,0.0,1,0.882478074992
1551909185.6830,1,1,0,45.0,1,0.72000002861,nan,1,0.449000000954,0.0,1,0.882478074992
1551909185.6872,0,1,0,45.0,1,0.72000002861,nan,1,0.449000000954,0.0,1,0.927084775257
1551909185.6929,1,1,0,45.0,1,0.72000002861,nan,1,0.449000000954,0.0,1,0.927084775257
1551909185.6975,0,1,0,45.0,1,0.72000002861,nan,1,0.449000000954,0.0,1,0.955900510953
1551909185.7030,1,1,0,45.0,1,0.72000002861,nan,1,0.449000000954,0.0,1,0.955900510953
1551909185.7078,0,1,0,45.0,1,0.72000002861,nan,1,0.449000000954,0.0,1,0.960886540587
1551909185.7130,1,1,0,45.0,1,0.72000002861,nan,1,0.449000000954,0.0,1,0.960886540587
1551909185.7172,0,1,0,45.0,1,0.75,nan,1,0.449000000954,0.0,1,0.885249267401
1551909185.7230,1,1,0,45.0,1,0.75,nan,1,0.449000000954,0.0,1,0.885249267401
1551909185.7276,0,1,0,45.0,1,0.75,nan,1,0.449000000954,0.0,1,0.885249267401
1551909185.7330,1,1,0,45.0,1,0.75,nan,1,0.449000000954,0.0,1,0.885249267401
1551909185.7380,0,1,0,45.0,1,0.75,nan,1,0.449000000954,0.0,1,0.887010291695
1551909185.7430,1,1,0,45.0,1,0.75,nan,1,0.449000000954,0.0,1,0.887010291695
1551909185.7473,0,1,0,45.0,1,0.75,nan,1,0.449000000954,0.0,1,0.887010291695
1551909185.7530,1,1,0,45.0,1,0.75,nan,1,0.449000000954,0.0,1,0.887010291695
1551909185.7577,0,1,0,45.0,1,0.759999990463,nan,1,0.449000000954,0.0,1,0.865972722864
1551909185.7630,1,1,0,45.0,1,0.759999990463,nan,1,0.449000000954,0.0,1,0.865972722864
1551909185.7680,0,1,0,45.0,1,0.759999990463,nan,1,0.449000000954,0.0,1,0.902694245214
1551909185.7730,1,1,0,45.0,1,0.759999990463,nan,1,0.449000000954,0.0,1,0.902694245214
1551909185.7773,0,1,0,45.0,1,0.759999990463,nan,1,0.449000000954,0.0,1,0.891641012013
1551909185.7830,1,1,0,45.0,1,0.759999990463,nan,1,0.449000000954,0.0,1,0.891641012013
1551909185.7875,0,1,0,45.0,1,0.77999997139,nan,1,0.449000000954,0.0,1,0.910229826319
1551909185.7930,1,1,0,45.0,1,0.77999997139,nan,1,0.449000000954,0.0,1,0.910229826319
1551909185.7978,0,1,0,45.0,1,0.77999997139,nan,1,0.449000000954,0.0,1,0.880755562995
1551909185.8041,1,1,0,45.0,1,0.77999997139,nan,1,0.449000000954,0.0,1,0.880755562995
1551909185.8073,0,1,0,45.0,1,0.77999997139,nan,1,0.449000000954,0.0,1,0.895319948059
1551909185.8130,1,1,0,45.0,1,0.77999997139,nan,1,0.449000000954,0.0,1,0.895319948059
1551909185.8178,0,1,0,45.0,1,0.850000023842,nan,1,0.449000000954,0.0,1,0.948472361975
1551909185.8230,1,1,0,45.0,1,0.850000023842,nan,1,0.449000000954,0.0,1,0.948472361975
1551909185.8271,0,1,0,45.0,1,0.850000023842,nan,1,0.449000000954,0.0,1,0.944935671945
1551909185.8330,1,1,0,45.0,1,0.850000023842,nan,1,0.449000000954,0.0,1,0.944935671945
1551909185.8375,0,1,0,45.0,1,0.850000023842,nan,1,0.449000000954,0.0,1,0.944935671945
1551909185.8430,1,1,0,45.0,1,0.850000023842,nan,1,0.449000000954,0.0,1,0.944935671945
1551909185.8479,0,1,0,45.0,1,0.850000023842,nan,1,0.449000000954,0.0,1,0.992981646016
1551909185.8530,1,1,0,45.0,1,0.850000023842,nan,1,0.449000000954,0.0,1,0.992981646016
1551909185.8572,0,1,0,45.0,1,0.870000004768,nan,1,0.449000000954,0.0,1,0.992981646016
1551909185.8630,1,1,0,45.0,1,0.870000004768,nan,1,0.449000000954,0.0,1,0.992981646016
1551909185.8675,0,1,0,45.0,1,0.870000004768,nan,1,0.449000000954,0.0,1,0.920761660299
1551909185.8730,1,1,0,45.0,1,0.870000004768,nan,1,0.449000000954,0.0,1,0.920761660299
1551909185.8780,0,1,0,45.0,1,0.870000004768,nan,1,0.449000000954,0.0,1,0.958892161476
1551909185.8829,1,1,0,45.0,1,0.870000004768,nan,1,0.449000000954,0.0,1,0.958892161476
1551909185.8874,0,1,0,45.0,1,0.879999995232,nan,1,0.449000000954,0.0,1,0.907389312175
1551909185.8930,1,1,0,45.0,1,0.879999995232,nan,1,0.449000000954,0.0,1,0.907389312175
1551909185.8977,0,1,0,45.0,1,0.879999995232,nan,1,0.449000000954,0.0,1,0.898246231978
1551909185.9030,1,1,0,45.0,1,0.879999995232,nan,1,0.449000000954,0.0,1,0.898246231978
1551909185.9081,0,1,0,45.0,1,0.879999995232,nan,1,0.449000000954,0.0,1,0.947655367138
1551909185.9129,1,1,0,45.0,1,0.879999995232,nan,1,0.449000000954,0.0,1,0.947655367138
1551909185.9175,0,1,0,45.0,1,0.879999995232,nan,1,0.449000000954,0.0,1,0.917056916773
1551909185.9230,1,1,0,45.0,1,0.879999995232,nan,1,0.449000000954,0.0,1,0.917056916773
1551909185.9279,0,1,0,45.0,1,0.910000026226,nan,1,0.449000000954,0.0,1,0.964347482137
1551909185.9330,1,1,0,45.0,1,0.910000026226,nan,1,0.449000000954,0.0,1,0.964347482137
1551909185.9371,0,1,0,45.0,1,0.910000026226,nan,1,0.449000000954,0.0,1,0.921507526103
1551909185.9430,1,1,0,45.0,1,0.910000026226,nan,1,0.449000000954,0.0,1,0.921507526103
1551909185.9474,0,1,0,45.0,1,0.910000026226,nan,1,0.449000000954,0.0,1,0.945381181889
1551909185.9530,1,1,0,45.0,1,0.910000026226,nan,1,0.449000000954,0.0,1,0.945381181889
1551909185.9577,0,1,0,45.0,1,0.97000002861,nan,1,0.449000000954,0.0,1,0.896668931501
1551909185.9630,1,1,0,45.0,1,0.97000002861,nan,1,0.449000000954,0.0,1,0.896668931501
1551909185.9680,0,1,0,45.0,1,0.97000002861,nan,1,0.449000000954,0.0,1,0.985255241104
1551909185.9730,1,1,0,45.0,1,0.97000002861,nan,1,0.449000000954,0.0,1,0.985255241104
1551909185.9773,0,1,0,45.0,1,0.990000009537,nan,1,0.449000000954,0.0,1,0.987076636876
1551909185.9830,1,1,0,45.0,1,0.990000009537,nan,1,0.449000000954,0.0,1,0.987076636876
1551909185.9876,0,1,0,45.0,1,0.990000009537,nan,1,0.449000000954,0.0,1,0.913227287955
1551909185.9930,1,1,0,45.0,1,0.990000009537,nan,1,0.449000000954,0.0,1,0.913227287955
1551909185.9972,0,1,0,45.0,1,0.990000009537,nan,1,0.449000000954,0.0,1,0.937901680087
1551909186.0030,1,1,0,45.0,1,0.990000009537,nan,1,0.449000000954,0.0,1,0.937901680087
1551909186.0075,0,1,0,45.0,1,0.990000009537,nan,1,0.449000000954,0.0,1,0.924218997351
1551909186.0130,1,1,0,45.0,1,0.990000009537,nan,1,0.449000000954,0.0,1,0.924218997351
1551909186.0179,0,1,0,45.0,1,1.01999998093,nan,1,0.449000000954,0.0,1,0.940847808275
1551909186.0230,1,1,0,45.0,1,1.01999998093,nan,1,0.449000000954,0.0,1,0.940847808275
1551909186.0272,0,1,0,45.0,1,1.01999998093,nan,1,0.449000000954,0.0,1,0.947751969203
1551909186.0330,1,1,0,45.0,1,1.01999998093,nan,1,0.449000000954,0.0,1,0.947751969203
1551909186.0377,0,1,0,45.0,1,1.01999998093,nan,1,0.449000000954,0.0,1,1.04378359611
1551909186.0430,1,1,0,45.0,1,1.01999998093,nan,1,0.449000000954,0.0,1,1.04378359611
1551909186.0480,0,1,0,45.0,1,1.01999998093,nan,1,0.449000000954,0.0,1,0.885188861417
1551909186.0530,1,1,0,45.0,1,1.01999998093,nan,1,0.449000000954,0.0,1,0.885188861417
1551909186.0575,0,1,0,45.0,1,1.07000005245,nan,1,0.449000000954,0.0,1,0.977621652144
1551909186.0630,1,1,0,45.0,1,1.07000005245,nan,1,0.449000000954,0.0,1,0.977621652144
1551909186.0679,0,1,0,45.0,1,1.07000005245,nan,1,0.449000000954,0.0,1,1.02970640452
1551909186.0729,1,1,0,45.0,1,1.07000005245,nan,1,0.449000000954,0.0,1,1.02970640452
1551909186.0773,0,1,0,45.0,1,1.07000005245,nan,1,0.449000000954,0.0,1,1.03319811438
1551909186.0830,1,1,0,45.0,1,1.07000005245,nan,1,0.449000000954,0.0,1,1.03319811438
1551909186.0878,0,1,0,45.0,1,1.07000005245,nan,1,0.449000000954,0.0,1,1.02281162973
1551909186.0929,1,1,0,45.0,1,1.07000005245,nan,1,0.449000000954,0.0,1,1.02281162973
1551909186.0971,0,1,0,45.0,1,1.07000005245,nan,1,0.449000000954,0.0,1,0.923249308397
1551909186.1030,1,1,0,45.0,1,1.07000005245,nan,1,0.449000000954,0.0,1,0.923249308397
1551909186.1074,0,1,0,45.0,1,1.07000005245,nan,1,0.449000000954,0.0,1,1.13228546283
1551909186.1130,1,1,0,45.0,1,1.07000005245,nan,1,0.449000000954,0.0,1,1.13228546283
1551909186.1178,0,1,0,45.0,1,1.12999999523,nan,1,0.449000000954,0.0,1,1.0259041311
1551909186.1230,1,1,0,45.0,1,1.12999999523,nan,1,0.449000000954,0.0,1,1.0259041311
1551909186.1281,0,1,0,45.0,1,1.12999999523,nan,1,0.449000000954,0.0,1,1.00940718272
1551909186.1330,1,1,0,45.0,1,1.12999999523,nan,1,0.449000000954,0.0,1,1.00940718272
1551909186.1375,0,1,0,45.0,1,1.12999999523,nan,1,0.449000000954,0.0,1,1.08073276962
1551909186.1430,1,1,0,45.0,1,1.12999999523,nan,1,0.449000000954,0.0,1,1.08073276962
1551909186.1478,0,1,0,45.0,1,1.12999999523,nan,1,0.449000000954,0.0,1,0.92989959858
1551909186.1530,1,1,0,45.0,1,1.12999999523,nan,1,0.449000000954,0.0,1,0.92989959858
1551909186.1572,0,1,0,45.0,1,1.15999996662,nan,1,0.449000000954,0.0,1,1.01636932018
1551909186.1630,1,1,0,45.0,1,1.15999996662,nan,1,0.449000000954,0.0,1,1.01636932018
1551909186.1675,0,1,0,45.0,1,1.15999996662,nan,1,0.449000000954,0.0,1,1.06051576592
1551909186.1730,1,1,0,45.0,1,1.15999996662,nan,1,0.449000000954,0.0,1,1.06051576592
1551909186.1778,0,1,0,45.0,1,1.15999996662,nan,1,0.449000000954,0.0,1,0.939214408923
1551909186.1829,1,1,0,45.0,1,1.15999996662,nan,1,0.449000000954,0.0,1,0.939214408923
1551909186.1871,0,1,0,45.0,1,1.20000004768,nan,1,0.449000000954,0.0,1,0.939214408923
1551909186.1930,1,1,0,45.0,1,1.20000004768,nan,1,0.449000000954,0.0,1,0.939214408923
1551909186.1973,0,1,0,45.0,1,1.20000004768,nan,1,0.449000000954,0.0,1,0.98350650609
1551909186.2030,1,1,0,45.0,1,1.20000004768,nan,1,0.449000000954,0.0,1,0.98350650609
1551909186.2076,0,1,0,45.0,1,1.20000004768,nan,1,0.449000000954,0.0,1,0.867906043716
1551909186.2130,1,1,0,45.0,1,1.20000004768,nan,1,0.449000000954,0.0,1,0.867906043716
1551909186.2179,0,1,0,45.0,1,1.20000004768,nan,1,0.449000000954,0.0,1,0.924374475118
1551909186.2230,1,1,0,45.0,1,1.20000004768,nan,1,0.449000000954,0.0,1,0.924374475118
1551909186.2272,0,1,0,45.0,1,1.21000003815,nan,1,0.449000000954,0.0,1,1.01955175928
1551909186.2330,1,1,0,45.0,1,1.21000003815,nan,1,0.449000000954,0.0,1,1.01955175928
1551909186.2375,0,1,0,45.0,1,1.21000003815,nan,1,0.449000000954,0.0,1,0.968395033044
1551909186.2430,1,1,0,45.0,1,1.21000003815,nan,1,0.449000000954,0.0,1,0.968395033044
1551909186.2478,0,1,0,45.0,1,1.21000003815,nan,1,0.449000000954,0.0,1,0.904110948222
1551909186.2530,1,1,0,45.0,1,1.21000003815,nan,1,0.449000000954,0.0,1,0.904110948222
1551909186.2571,0,1,0,45.0,1,1.25999999046,nan,1,0.449000000954,0.0,1,0.951291300536
1551909186.2630,1,1,0,45.0,1,1.25999999046,nan,1,0.449000000954,0.0,1,0.951291300536
1551909186.2674,0,1,0,45.0,1,1.25999999046,nan,1,0.449000000954,0.0,1,1.00564824004
1551909186.2730,1,1,0,45.0,1,1.25999999046,nan,1,0.449000000954,0.0,1,1.00564824004
1551909186.2777,0,1,0,45.0,1,1.25999999046,nan,1,0.449000000954,0.0,1,1.06962150033
1551909186.2830,1,1,0,45.0,1,1.25999999046,nan,1,0.449000000954,0.0,1,1.06962150033
1551909186.2881,0,1,0,45.0,1,1.30999994278,nan,1,0.449000000954,0.0,1,1.02587750425
1551909186.2930,1,1,0,45.0,1,1.30999994278,nan,1,0.449000000954,0.0,1,1.02587750425
1551909186.2974,0,1,0,45.0,1,1.30999994278,nan,1,0.449000000954,0.0,1,1.01687156651
1551909186.3030,1,1,0,45.0,1,1.30999994278,nan,1,0.449000000954,0.0,1,1.01687156651
1551909186.3077,0,1,0,45.0,1,1.30999994278,nan,1,0.449000000954,0.0,1,1.11668522728
1551909186.3130,1,1,0,45.0,1,1.30999994278,nan,1,0.449000000954,0.0,1,1.11668522728
1551909186.3180,0,1,0,45.0,1,1.32000005245,nan,1,0.449000000954,0.0,1,1.07333646434
1551909186.3230,1,1,0,45.0,1,1.32000005245,nan,1,0.449000000954,0.0,1,1.07333646434
1551909186.3273,0,1,0,45.0,1,1.32000005245,nan,1,0.449000000954,0.0,1,1.01031922585
1551909186.3330,1,1,0,45.0,1,1.32000005245,nan,1,0.449000000954,0.0,1,1.01031922585
1551909186.3376,0,1,0,45.0,1,1.32000005245,nan,1,0.449000000954,0.0,1,0.914623300449
1551909186.3430,1,1,0,45.0,1,1.32000005245,nan,1,0.449000000954,0.0,1,0.914623300449
1551909186.3479,0,1,0,45.0,1,1.32000005245,nan,1,0.449000000954,0.0,1,1.00261588496
1551909186.3530,1,1,0,45.0,1,1.32000005245,nan,1,0.449000000954,0.0,1,1.00261588496
1551909186.3572,0,1,0,45.0,1,1.35000002384,nan,1,0.449000000954,0.0,1,0.928349844195
1551909186.3630,1,1,0,45.0,1,1.35000002384,nan,1,0.449000000954,0.0,1,0.928349844195
1551909186.3676,0,1,0,45.0,1,1.35000002384,nan,1,0.449000000954,0.0,1,0.929633695622
1551909186.3730,1,1,0,45.0,1,1.35000002384,nan,1,0.449000000954,0.0,1,0.929633695622
1551909186.3779,0,1,0,45.0,1,1.35000002384,nan,1,0.449000000954,0.0,1,1.09006330101
1551909186.3830,1,1,0,45.0,1,1.35000002384,nan,1,0.449000000954,0.0,1,1.09006330101
1551909186.3872,0,1,0,45.0,1,1.39999997616,nan,1,0.449000000954,0.0,1,1.20683937857
1551909186.3930,1,1,0,45.0,1,1.39999997616,nan,1,0.449000000954,0.0,1,1.20683937857
1551909186.3975,0,1,0,45.0,1,1.39999997616,nan,1,0.449000000954,0.0,1,1.03988638775
1551909186.4030,1,1,0,45.0,1,1.39999997616,nan,1,0.449000000954,0.0,1,1.03988638775
1551909186.4078,0,1,0,45.0,1,1.39999997616,nan,1,0.449000000954,0.0,1,1.03988638775
1551909186.4130,1,1,0,45.0,1,1.39999997616,nan,1,0.449000000954,0.0,1,1.03988638775
1551909186.4172,0,1,0,45.0,1,1.39999997616,nan,1,0.449000000954,0.0,1,0.955107170093
1551909186.4230,1,1,0,45.0,1,1.39999997616,nan,1,0.449000000954,0.0,1,0.955107170093
1551909186.4275,0,1,0,45.0,1,1.41999995708,nan,1,0.449000000954,0.0,1,0.92056839885
1551909186.4330,1,1,0,45.0,1,1.41999995708,nan,1,0.449000000954,0.0,1,0.92056839885
1551909186.4378,0,1,0,45.0,1,1.41999995708,nan,1,0.449000000954,0.0,1,0.973781560978
1551909186.4430,1,1,0,45.0,1,1.41999995708,nan,1,0.449000000954,0.0,1,0.973781560978
1551909186.4481,0,1,0,45.0,1,1.41999995708,nan,1,0.449000000954,0.0,1,1.03688544571
1551909186.4530,1,1,0,45.0,1,1.41999995708,nan,1,0.449000000954,0.0,1,1.03688544571
1551909186.4575,0,1,0,45.0,1,1.46000003815,nan,1,0.449000000954,0.0,1,1.04974926957
1551909186.4630,1,1,0,45.0,1,1.46000003815,nan,1,0.449000000954,0.0,1,1.04974926957
1551909186.4680,0,1,0,45.0,1,1.46000003815,nan,1,0.449000000954,0.0,1,0.890976309073
1551909186.4730,1,1,0,45.0,1,1.46000003815,nan,1,0.449000000954,0.0,1,0.890976309073
1551909186.4773,0,1,0,45.0,1,1.46000003815,nan,1,0.449000000954,0.0,1,1.13530073019
1551909186.4830,1,1,0,45.0,1,1.46000003815,nan,1,0.449000000954,0.0,1,1.13530073019
1551909186.4876,0,1,0,45.0,1,1.5,nan,1,0.449000000954,0.0,1,1.04738615308
1551909186.4930,1,1,0,45.0,1,1.5,nan,1,0.449000000954,0.0,1,1.04738615308
1551909186.4980,0,1,0,45.0,1,1.5,nan,1,0.449000000954,0.0,1,0.980669607163
1551909186.5030,1,1,0,45.0,1,1.5,nan,1,0.449000000954,0.0,1,0.980669607163
1551909186.5072,0,1,0,45.0,1,1.5,nan,1,0.449000000954,0.0,1,1.00963106953
1551909186.5130,1,1,0,45.0,1,1.5,nan,1,0.449000000954,0.0,1,1.00963106953
1551909186.5175,0,1,0,45.0,1,1.5,nan,1,0.449000000954,0.0,1,0.922244637218
1551909186.5230,1,1,0,45.0,1,1.5,nan,1,0.449000000954,0.0,1,0.922244637218
1551909186.5279,0,1,0,45.0,1,1.51999998093,nan,1,0.449000000954,0.0,1,0.942719061411
1551909186.5330,1,1,0,45.0,1,1.51999998093,nan,1,0.449000000954,0.0,1,0.942719061411
1551909186.5374,0,1,0,45.0,1,1.51999998093,nan,1,0.449000000954,0.0,1,0.942719061411
1551909186.5430,1,1,0,45.0,1,1.51999998093,nan,1,0.449000000954,0.0,1,0.942719061411
1551909186.5479,0,1,0,45.0,1,1.51999998093,nan,1,0.449000000954,0.0,1,0.855284404819
1551909186.5530,1,1,0,45.0,1,1.51999998093,nan,1,0.449000000954,0.0,1,0.855284404819
1551909186.5572,0,1,0,45.0,1,1.55999994278,nan,1,0.449000000954,0.0,1,1.03488087161
1551909186.5630,1,1,0,45.0,1,1.55999994278,nan,1,0.449000000954,0.0,1,1.03488087161
1551909186.5675,0,1,0,45.0,1,1.55999994278,nan,1,0.449000000954,0.0,1,1.00584610594
1551909186.5730,1,1,0,45.0,1,1.55999994278,nan,1,0.449000000954,0.0,1,1.00584610594
1551909186.5778,0,1,0,45.0,1,1.55999994278,nan,1,0.449000000954,0.0,1,1.00584610594
1551909186.5830,1,1,0,45.0,1,1.55999994278,nan,1,0.449000000954,0.0,1,1.00584610594
1551909186.5873,0,1,0,45.0,1,1.60000002384,nan,1,0.449000000954,0.0,1,1.13611107294
1551909186.5930,1,1,0,45.0,1,1.60000002384,nan,1,0.449000000954,0.0,1,1.13611107294
1551909186.5976,0,1,0,45.0,1,1.60000002384,nan,1,0.449000000954,0.0,1,0.976147923616
1551909186.6030,1,1,0,45.0,1,1.60000002384,nan,1,0.449000000954,0.0,1,0.976147923616
1551909186.6079,0,1,0,45.0,1,1.60000002384,nan,1,0.449000000954,0.0,1,1.12899286162
1551909186.6130,1,1,0,45.0,1,1.60000002384,nan,1,0.449000000954,0.0,1,1.12899286162
1551909186.6173,0,1,0,45.0,1,1.60000002384,nan,1,0.449000000954,0.0,1,0.97958447411
1551909186.6230,1,1,0,45.0,1,1.60000002384,nan,1,0.449000000954,0.0,1,0.97958447411
1551909186.6277,0,1,0,45.0,1,1.61000001431,nan,1,0.449000000954,0.0,1,0.97958447411
1551909186.6330,1,1,0,45.0,1,1.61000001431,nan,1,0.449000000954,0.0,1,0.97958447411
1551909186.6381,0,1,0,45.0,1,1.61000001431,nan,1,0.449000000954,0.0,1,0.962951992726
1551909186.6430,1,1,0,45.0,1,1.61000001431,nan,1,0.449000000954,0.0,1,0.962951992726
1551909186.6476,0,1,0,45.0,1,1.61000001431,nan,1,0.449000000954,0.0,1,1.03598689292
1551909186.6530,1,1,0,45.0,1,1.61000001431,nan,1,0.449000000954,0.0,1,1.03598689292
1551909186.6579,0,1,0,45.0,1,1.66999995708,nan,1,0.449000000954,0.0,1,0.985933243415
1551909186.6630,1,1,0,45.0,1,1.66999995708,nan,1,0.449000000954,0.0,1,0.985933243415
1551909186.6672,0,1,0,45.0,1,1.66999995708,nan,1,0.449000000954,0.0,1,1.03445308438
1551909186.6730,1,1,0,45.0,1,1.66999995708,nan,1,0.449000000954,0.0,1,1.03445308438
1551909186.6775,0,1,0,45.0,1,1.66999995708,nan,1,0.449000000954,0.0,1,1.02912830639
1551909186.6830,1,1,0,45.0,1,1.66999995708,nan,1,0.449000000954,0.0,1,1.02912830639
1551909186.6878,0,1,0,45.0,1,1.71000003815,nan,1,0.449000000954,0.0,1,1.02912830639
1551909186.6930,1,1,0,45.0,1,1.71000003815,nan,1,0.449000000954,0.0,1,1.02912830639
1551909186.6972,0,1,0,45.0,1,1.71000003815,nan,1,0.449000000954,0.0,1,0.954358930746
1551909186.7030,1,1,0,45.0,1,1.71000003815,nan,1,0.449000000954,0.0,1,0.954358930746
1551909186.7075,0,1,0,45.0,1,1.71000003815,nan,1,0.449000000954,0.0,1,0.965484254507
1551909186.7130,1,1,0,45.0,1,1.71000003815,nan,1,0.449000000954,0.0,1,0.965484254507
1551909186.7180,0,1,0,45.0,1,1.71000003815,nan,1,0.449000000954,0.0,1,1.02868361731
1551909186.7230,1,1,0,45.0,1,1.71000003815,nan,1,0.449000000954,0.0,1,1.02868361731
1551909186.7273,0,1,0,45.0,1,1.73000001907,nan,1,0.449000000954,0.0,1,0.973443667144
1551909186.7330,1,1,0,45.0,1,1.73000001907,nan,1,0.449000000954,0.0,1,0.973443667144
1551909186.7376,0,1,0,45.0,1,1.73000001907,nan,1,0.449000000954,0.0,1,0.881172619105
1551909186.7430,1,1,0,45.0,1,1.73000001907,nan,1,0.449000000954,0.0,1,0.881172619105
1551909186.7479,0,1,0,45.0,1,1.73000001907,nan,1,0.449000000954,0.0,1,0.881172619105
1551909186.7530,1,1,0,45.0,1,1.73000001907,nan,1,0.449000000954,0.0,1,0.881172619105
1551909186.7572,0,1,0,45.0,1,1.76999998093,nan,1,0.449000000954,0.0,1,0.939481846469
1551909186.7630,1,1,0,45.0,1,1.76999998093,nan,1,0.449000000954,0.0,1,0.939481846469
1551909186.7676,0,1,0,45.0,1,1.76999998093,nan,1,0.449000000954,0.0,1,1.15251872757
1551909186.7731,1,1,0,45.0,1,1.76999998093,nan,1,0.449000000954,0.0,1,1.15251872757
1551909186.7779,0,1,0,45.0,1,1.76999998093,nan,1,0.449000000954,0.0,1,1.01128767444
1551909186.7830,1,1,0,45.0,1,1.76999998093,nan,1,0.449000000954,0.0,1,1.01128767444
1551909186.7872,0,1,0,45.0,1,1.84000003338,nan,1,0.449000000954,0.0,1,0.923662699026
1551909186.7930,1,1,0,45.0,1,1.84000003338,nan,1,0.449000000954,0.0,1,0.923662699026
1551909186.7974,0,1,0,45.0,1,1.84000003338,nan,1,0.449000000954,0.0,1,0.879017197081
1551909186.8030,1,1,0,45.0,1,1.84000003338,nan,1,0.449000000954,0.0,1,0.879017197081
1551909186.8077,0,1,0,45.0,1,1.84000003338,nan,1,0.449000000954,0.0,1,0.858927354679
1551909186.8130,1,1,0,45.0,1,1.84000003338,nan,1,0.449000000954,0.0,1,0.858927354679
1551909186.8180,0,1,0,45.0,1,1.84000003338,nan,1,0.449000000954,0.0,1,0.809980410472
1551909186.8230,1,1,0,45.0,1,1.84000003338,nan,1,0.449000000954,0.0,1,0.809980410472
1551909186.8273,0,1,0,45.0,1,1.84000003338,nan,1,0.449000000954,0.0,1,0.809980410472
1551909186.8330,1,1,0,45.0,1,1.84000003338,nan,1,0.449000000954,0.0,1,0.809980410472
1551909186.8377,0,1,0,45.0,1,1.84000003338,nan,1,0.449000000954,0.0,1,0.774060696662
1551909186.8430,1,1,0,45.0,1,1.84000003338,nan,1,0.449000000954,0.0,1,0.774060696662
1551909186.8472,0,1,0,45.0,1,1.84000003338,nan,1,0.449000000954,0.0,1,1.02787555296
1551909186.8530,1,1,0,45.0,1,1.84000003338,nan,1,0.449000000954,0.0,1,1.02787555296
1551909186.8575,0,1,0,45.0,1,1.88999998569,nan,1,0.449000000954,0.0,1,1.0283238777
1551909186.8630,1,1,0,45.0,1,1.88999998569,nan,1,0.449000000954,0.0,1,1.0283238777
1551909186.8679,0,1,0,45.0,1,1.88999998569,nan,1,0.449000000954,0.0,1,1.01397942047
1551909186.8730,1,1,0,45.0,1,1.88999998569,nan,1,0.449000000954,0.0,1,1.01397942047
1551909186.8772,0,1,0,45.0,1,1.88999998569,nan,1,0.449000000954,0.0,1,0.8158558599
1551909186.8830,1,1,0,45.0,1,1.88999998569,nan,1,0.449000000954,0.0,1,0.8158558599
1551909186.8876,0,1,0,45.0,1,1.89999997616,nan,1,0.449000000954,0.0,1,1.12649801296
1551909186.8930,1,1,0,45.0,1,1.89999997616,nan,1,0.449000000954,0.0,1,1.12649801296
1551909186.8971,0,1,0,45.0,1,1.89999997616,nan,1,0.449000000954,0.0,1,1.12649801296
1551909186.9030,1,1,0,45.0,1,1.89999997616,nan,1,0.449000000954,0.0,1,1.12649801296
1551909186.9077,0,1,0,45.0,1,1.89999997616,nan,1,0.449000000954,0.0,1,0.999356922709
1551909186.9130,1,1,0,45.0,1,1.89999997616,nan,1,0.449000000954,0.0,1,0.999356922709
1551909186.9180,0,1,0,45.0,1,1.89999997616,nan,1,0.449000000954,0.0,1,1.23468673904
1551909186.9230,1,1,0,45.0,1,1.89999997616,nan,1,0.449000000954,0.0,1,1.23468673904
1551909186.9274,0,1,0,45.0,1,1.92999994755,nan,1,0.449000000954,0.0,1,0.991105392884
1551909186.9330,1,1,0,45.0,1,1.92999994755,nan,1,0.449000000954,0.0,1,0.991105392884
1551909186.9377,0,1,0,45.0,1,1.92999994755,nan,1,0.449000000954,0.0,1,1.18861818795
1551909186.9430,1,1,0,45.0,1,1.92999994755,nan,1,0.449000000954,0.0,1,1.18861818795
1551909186.9472,0,1,0,45.0,1,1.92999994755,nan,1,0.449000000954,0.0,1,1.03731946336
1551909186.9530,1,1,0,45.0,1,1.92999994755,nan,1,0.449000000954,0.0,1,1.03731946336
1551909186.9575,0,1,0,45.0,1,1.92999994755,nan,1,0.449000000954,0.0,1,0.914558049987
1551909186.9630,1,1,0,45.0,1,1.92999994755,nan,1,0.449000000954,0.0,1,0.914558049987
1551909186.9679,0,1,0,45.0,1,1.92999994755,nan,1,0.449000000954,0.0,1,0.981593584468
1551909186.9730,1,1,0,45.0,1,1.92999994755,nan,1,0.449000000954,0.0,1,0.981593584468
1551909186.9772,0,1,0,45.0,1,1.92999994755,nan,1,0.449000000954,0.0,1,0.654107168237
1551909186.9830,1,1,0,45.0,1,1.92999994755,nan,1,0.449000000954,0.0,1,0.654107168237
1551909186.9878,0,1,0,45.0,1,2.02999997139,nan,1,0.449000000954,0.0,1,0.910412108838
1551909186.9930,1,1,0,45.0,1,2.02999997139,nan,1,0.449000000954,0.0,1,0.910412108838
1551909186.9981,0,1,0,45.0,1,2.02999997139,nan,1,0.449000000954,0.0,1,0.857831103114
1551909187.0030,1,1,60.0,0,1,2.02999997139,nan,1,0.449000000954,0.0,1,0.857831103114
1551909187.0074,0,1,60.0,0,1,2.02999997139,nan,1,0.449000000954,0.0,1,0.953250849787
1551909187.0130,1,1,60.0,0,1,2.02999997139,nan,1,0.449000000954,0.0,1,0.953250849787
1551909187.0177,0,1,60.0,0,1,2.02999997139,nan,1,0.449000000954,0.0,1,0.897254743668
1551909187.0230,1,1,60.0,0,1,2.02999997139,nan,1,0.449000000954,0.0,1,0.897254743668
1551909187.0271,0,1,60.0,0,1,2.02999997139,nan,1,0.449000000954,0.0,1,0.781518646938
1551909187.0330,1,1,60.0,0,1,2.02999997139,nan,1,0.449000000954,0.0,1,0.781518646938
1551909187.0376,0,1,60.0,0,1,2.02999997139,nan,1,0.449000000954,0.0,1,0.822419921054
1551909187.0430,1,1,60.0,0,1,2.02999997139,nan,1,0.449000000954,0.0,1,0.822419921054
1551909187.0480,0,1,60.0,0,1,2.02999997139,nan,1,0.449000000954,0.0,1,0.822419921054
1551909187.0530,1,1,60.0,0,1,2.02999997139,nan,1,0.449000000954,0.0,1,0.822419921054
1551909187.0574,0,1,60.0,0,1,2.03999996185,nan,1,0.0,0.600000023842,1,0.854670224914
1551909187.0630,1,1,60.0,0,1,2.03999996185,nan,1,0.0,0.600000023842,1,0.854670224914
1551909187.0677,0,1,60.0,0,1,2.03999996185,nan,1,0.0,0.600000023842,1,0.919616124159
1551909187.0730,1,1,60.0,0,1,2.03999996185,nan,1,0.0,0.600000023842,1,0.919616124159
1551909187.0780,0,1,60.0,0,1,2.03999996185,nan,1,0.0,0.600000023842,1,0.714054786767
1551909187.0830,1,1,60.0,0,1,2.03999996185,nan,1,0.0,0.600000023842,1,0.714054786767
1551909187.0873,0,1,60.0,0,1,2.04999995232,nan,1,0.0,0.600000023842,1,0.817577573661
1551909187.0930,1,1,60.0,0,1,2.04999995232,nan,1,0.0,0.600000023842,1,0.817577573661
1551909187.0976,0,1,60.0,0,1,2.04999995232,nan,1,0.0,0.600000023842,1,0.542205050709
1551909187.1030,1,1,60.0,0,1,2.04999995232,nan,1,0.0,0.600000023842,1,0.542205050709
1551909187.1079,0,1,60.0,0,1,2.04999995232,nan,1,0.0,0.600000023842,1,-0.178886015728
1551909187.1130,1,1,60.0,0,1,2.04999995232,nan,1,0.0,0.600000023842,1,-0.178886015728
1551909187.1172,0,1,60.0,0,1,2.04999995232,nan,1,0.0,0.600000023842,1,-0.126363244633
1551909187.1230,1,1,60.0,0,1,2.04999995232,nan,1,0.0,0.600000023842,1,-0.126363244633
1551909187.1279,0,1,60.0,0,1,1.99000000954,nan,1,0.0,0.600000023842,1,-0.258365968871
1551909187.1330,1,1,60.0,0,1,1.99000000954,nan,1,0.0,0.600000023842,1,-0.258365968871
1551909187.1374,0,1,60.0,0,1,1.99000000954,nan,1,0.0,0.600000023842,1,-0.577773861727
1551909187.1430,1,1,60.0,0,1,1.99000000954,nan,1,0.0,0.600000023842,1,-0.577773861727
1551909187.1479,0,1,60.0,0,1,1.99000000954,nan,1,0.0,0.600000023842,1,-0.577773861727
1551909187.1530,1,1,60.0,0,1,1.99000000954,nan,1,0.0,0.600000023842,1,-0.577773861727
1551909187.1573,0,1,60.0,0,1,1.85000002384,nan,1,0.0,0.600000023842,1,-0.78944653562
1551909187.1630,1,1,60.0,0,1,1.85000002384,nan,1,0.0,0.600000023842,1,-0.78944653562
1551909187.1678,0,1,60.0,0,1,1.85000002384,nan,1,0.0,0.600000023842,1,-0.744510565958
1551909187.1730,1,1,60.0,0,1,1.85000002384,nan,1,0.0,0.600000023842,1,-0.744510565958
1551909187.1772,0,1,60.0,0,1,1.85000002384,nan,1,0.0,0.600000023842,1,-0.656349892029
1551909187.1830,1,1,60.0,0,1,1.85000002384,nan,1,0.0,0.600000023842,1,-0.656349892029
1551909187.1876,0,1,60.0,0,1,1.94000005722,nan,1,0.0,0.600000023842,1,-0.59281371522
1551909187.1930,1,1,60.0,0,1,1.94000005722,nan,1,0.0,0.600000023842,1,-0.59281371522
1551909187.1979,0,1,60.0,0,1,1.94000005722,nan,1,0.0,0.600000023842,1,-0.605963048834
1551909187.2030,1,1,60.0,0,1,1.94000005722,nan,1,0.0,0.600000023842,1,-0.605963048834
1551909187.2074,0,1,60.0,0,1,1.94000005722,nan,1,0.0,0.600000023842,1,-0.743279391385
1551909187.2130,1,1,60.0,0,1,1.94000005722,nan,1,0.0,0.600000023842,1,-0.743279391385
1551909187.2179,0,1,60.0,0,1,1.94000005722,nan,1,0.0,0.600000023842,1,-0.455623375371
1551909187.2230,1,1,60.0,0,1,1.94000005722,nan,1,0.0,0.600000023842,1,-0.455623375371
1551909187.2274,0,1,60.0,0,1,2.03999996185,nan,1,0.0,0.600000023842,1,-0.423002329293
1551909187.2330,1,1,60.0,0,1,2.03999996185,nan,1,0.0,0.600000023842,1,-0.423002329293
1551909187.2378,0,1,60.0,0,1,2.03999996185,nan,1,0.0,0.600000023842,1,-0.406642561852
1551909187.2430,1,1,60.0,0,1,2.03999996185,nan,1,0.0,0.600000023842,1,-0.406642561852
1551909187.2481,0,1,60.0,0,1,2.03999996185,nan,1,0.0,0.600000023842,1,-0.406642561852
1551909187.2530,1,1,60.0,0,1,2.03999996185,nan,1,0.0,0.600000023842,1,-0.406642561852
1551909187.2574,0,1,60.0,0,1,2.08999991417,nan,1,0.0,0.600000023842,1,-0.627958412033
1551909187.2630,1,1,60.0,0,1,2.08999991417,nan,1,0.0,0.600000023842,1,-0.627958412033
1551909187.2678,0,1,60.0,0,1,2.08999991417,nan,1,0.0,0.600000023842,1,-0.685871097324
1551909187.2730,1,1,60.0,0,1,2.08999991417,nan,1,0.0,0.600000023842,1,-0.685871097324
1551909187.2771,0,1,60.0,0,1,2.08999991417,nan,1,0.0,0.600000023842,1,-0.490045678933
1551909187.2829,1,1,60.0,0,1,2.08999991417,nan,1,0.0,0.600000023842,1,-0.490045678933
1551909187.2874,0,1,60.0,0,1,1.94000005722,nan,1,0.0,0.600000023842,1,-0.647250529696
1551909187.2930,1,1,60.0,0,1,1.94000005722,nan,1,0.0,0.600000023842,1,-0.647250529696
1551909187.2978,0,1,60.0,0,1,1.94000005722,nan,1,0.0,0.600000023842,1,-0.694227636888
1551909187.3030,1,1,60.0,0,1,1.94000005722,nan,1,0.0,0.600000023842,1,-0.694227636888
1551909187.3073,0,1,60.0,0,1,1.94000005722,nan,1,0.0,0.600000023842,1,-1.07706539328
1551909187.3130,1,1,60.0,0,1,1.94000005722,nan,1,0.0,0.600000023842,1,-1.07706539328
1551909187.3177,0,1,60.0,0,1,1.94000005722,nan,1,0.0,0.600000023842,1,-1.09959686326
1551909187.3230,1,1,60.0,0,1,1.94000005722,nan,1,0.0,0.600000023842,1,-1.09959686326
1551909187.3272,0,1,60.0,0,1,1.86000001431,nan,1,0.0,0.600000023842,1,-0.991743661176
1551909187.3330,1,1,60.0,0,1,1.86000001431,nan,1,0.0,0.600000023842,1,-0.991743661176
1551909187.3376,0,1,60.0,0,1,1.86000001431,nan,1,0.0,0.600000023842,1,-1.24720816686
1551909187.3430,1,1,60.0,0,1,1.86000001431,nan,1,0.0,0.600000023842,1,-1.24720816686
1551909187.3479,0,1,60.0,0,1,1.86000001431,nan,1,0.0,0.600000023842,1,-1.26682374271
1551909187.3530,1,1,60.0,0,1,1.86000001431,nan,1,0.0,0.600000023842,1,-1.26682374271
1551909187.3572,0,1,60.0,0,1,1.75999999046,nan,1,0.0,0.600000023842,1,-1.26682374271
1551909187.3630,1,1,60.0,0,1,1.75999999046,nan,1,0.0,0.600000023842,1,-1.26682374271
1551909187.3677,0,1,60.0,0,1,1.75999999046,nan,1,0.0,0.600000023842,1,-1.31637404482
1551909187.3730,1,1,60.0,0,1,1.75999999046,nan,1,0.0,0.600000023842,1,-1.31637404482
1551909187.3780,0,1,60.0,0,1,1.75999999046,nan,1,0.0,0.600000023842,1,-1.35024879021
1551909187.3830,1,1,60.0,0,1,1.75999999046,nan,1,0.0,0.600000023842,1,-1.35024879021
1551909187.3873,0,1,60.0,0,1,1.63999998569,nan,1,0.0,0.600000023842,1,-1.27015832084
1551909187.3930,1,1,60.0,0,1,1.63999998569,nan,1,0.0,0.600000023842,1,-1.27015832084
1551909187.3977,0,1,60.0,0,1,1.63999998569,nan,1,0.0,0.600000023842,1,-1.27015832084
1551909187.4030,1,1,60.0,0,1,1.63999998569,nan,1,0.0,0.600000023842,1,-1.27015832084
1551909187.4080,0,1,60.0,0,1,1.63999998569,nan,1,0.0,0.600000023842,1,-1.29057364856
1551909187.4130,1,1,60.0,0,1,1.63999998569,nan,1,0.0,0.600000023842,1,-1.29057364856
1551909187.4173,0,1,60.0,0,1,1.63999998569,nan,1,0.0,0.600000023842,1,-1.39952936974
1551909187.4230,1,1,60.0,0,1,1.63999998569,nan,1,0.0,0.600000023842,1,-1.39952936974
1551909187.4275,0,1,60.0,0,1,1.55999994278,nan,1,0.0,0.600000023842,1,-1.68299375224
1551909187.4330,1,1,60.0,0,1,1.55999994278,nan,1,0.0,0.600000023842,1,-1.68299375224
1551909187.4378,0,1,60.0,0,1,1.55999994278,nan,1,0.0,0.600000023842,1,-2.05154309262
1551909187.4430,1,1,60.0,0,1,1.55999994278,nan,1,0.0,0.600000023842,1,-2.05154309262
1551909187.4471,0,1,60.0,0,1,1.55999994278,nan,1,0.0,0.600000023842,1,-1.92301099187
1551909187.4530,1,1,60.0,0,1,1.55999994278,nan,1,0.0,0.600000023842,1,-1.92301099187
1551909187.4576,0,1,60.0,0,1,1.46000003815,nan,1,0.0,0.600000023842,1,-2.11602205034
1551909187.4630,1,1,60.0,0,1,1.46000003815,nan,1,0.0,0.600000023842,1,-2.11602205034
1551909187.4680,0,1,60.0,0,1,1.46000003815,nan,1,0.0,0.600000023842,1,-2.06926727389
1551909187.4730,1,1,60.0,0,1,1.46000003815,nan,1,0.0,0.600000023842,1,-2.06926727389
1551909187.4775,0,1,60.0,0,1,1.46000003815,nan,1,0.0,0.600000023842,1,-1.82077982679
1551909187.4830,1,1,60.0,0,1,1.46000003815,nan,1,0.0,0.600000023842,1,-1.82077982679
1551909187.4878,0,1,60.0,0,1,2.0,nan,1,0.0,0.600000023842,1,-1.66133830851
1551909187.4930,1,1,60.0,0,1,2.0,nan,1,0.0,0.600000023842,1,-1.66133830851
1551909187.4981,0,1,60.0,0,1,2.0,nan,1,0.0,0.600000023842,1,-1.44957941397
1551909187.5029,1,1,60.0,0,1,2.0,nan,1,0.0,0.600000023842,1,-1.44957941397
1551909187.5074,0,1,60.0,0,1,2.0,nan,1,0.0,0.600000023842,1,-1.4080269471
1551909187.5130,1,1,60.0,0,1,2.0,nan,1,0.0,0.600000023842,1,-1.4080269471
1551909187.5177,0,1,60.0,0,1,2.0,nan,1,0.0,0.600000023842,1,-1.14174830234
1551909187.5230,1,1,60.0,0,1,2.0,nan,1,0.0,0.600000023842,1,-1.14174830234
1551909187.5280,0,1,60.0,0,1,2.0,nan,1,0.0,0.600000023842,1,-1.14174830234
1551909187.5330,1,1,60.0,0,1,2.0,nan,1,0.0,0.600000023842,1,-1.14174830234
1551909187.5374,0,1,60.0,0,1,2.0,nan,1,0.0,0.600000023842,1,-1.07805398255
1551909187.5430,1,1,60.0,0,1,2.0,nan,1,0.0,0.600000023842,1,-1.07805398255
1551909187.5477,0,1,60.0,0,1,2.0,nan,1,0.0,0.600000023842,1,-0.952249193964
1551909187.5530,1,1,60.0,0,1,2.0,nan,1,0.0,0.600000023842,1,-0.952249193964
1551909187.5580,0,1,60.0,0,1,1.96000003815,nan,1,0.0,0.600000023842,1,-0.970483647608
1551909187.5630,1,1,60.0,0,1,1.96000003815,nan,1,0.0,0.600000023842,1,-0.970483647608
1551909187.5673,0,1,60.0,0,1,1.96000003815,nan,1,0.0,0.600000023842,1,-1.20721163799
1551909187.5730,1,1,60.0,0,1,1.96000003815,nan,1,0.0,0.600000023842,1,-1.20721163799
1551909187.5776,0,1,60.0,0,1,1.96000003815,nan,1,0.0,0.600000023842,1,-1.34781350235
1551909187.5830,1,1,60.0,0,1,1.96000003815,nan,1,0.0,0.600000023842,1,-1.34781350235
1551909187.5879,0,1,60.0,0,1,1.96000003815,nan,1,0.0,0.600000023842,1,-1.23269793737
1551909187.5930,1,1,60.0,0,1,1.96000003815,nan,1,0.0,0.600000023842,1,-1.23269793737
1551909187.5972,0,1,60.0,0,1,1.77999997139,nan,1,0.0,0.600000023842,1,-1.53985955725
1551909187.6030,1,1,60.0,0,1,1.77999997139,nan,1,0.0,0.600000023842,1,-1.53985955725
1551909187.6074,0,1,60.0,0,1,1.77999997139,nan,1,0.0,0.600000023842,1,-1.33417302861
1551909187.6130,1,1,60.0,0,1,1.77999997139,nan,1,0.0,0.600000023842,1,-1.33417302861
1551909187.6178,0,1,60.0,0,1,1.77999997139,nan,1,0.0,0.600000023842,1,-1.18842783675
1551909187.6230,1,1,60.0,0,1,1.77999997139,nan,1,0.0,0.600000023842,1,-1.18842783675
1551909187.6281,0,1,60.0,0,1,1.66999995708,nan,1,0.0,0.600000023842,1,-1.18842783675
1551909187.6330,1,1,60.0,0,1,1.66999995708,nan,1,0.0,0.600000023842,1,-1.18842783675
1551909187.6375,0,1,60.0,0,1,1.66999995708,nan,1,0.0,0.600000023842,1,-1.20626844169
1551909187.6430,1,1,60.0,0,1,1.66999995708,nan,1,0.0,0.600000023842,1,-1.20626844169
1551909187.6478,0,1,60.0,0,1,1.66999995708,nan,1,0.0,0.600000023842,1,-1.44628757746
1551909187.6530,1,1,60.0,0,1,1.66999995708,nan,1,0.0,0.600000023842,1,-1.44628757746
1551909187.6572,0,1,60.0,0,1,1.41999995708,nan,1,0.0,0.600000023842,1,-1.47967170007
1551909187.6630,1,1,60.0,0,1,1.41999995708,nan,1,0.0,0.600000023842,1,-1.47967170007
1551909187.6675,0,1,60.0,0,1,1.41999995708,nan,1,0.0,0.600000023842,1,-1.38227562998
1551909187.6730,1,1,60.0,0,1,1.41999995708,nan,1,0.0,0.600000023842,1,-1.38227562998
1551909187.6779,0,1,60.0,0,1,1.41999995708,nan,1,0.0,0.600000023842,1,-1.38227562998
1551909187.6830,1,1,60.0,0,1,1.41999995708,nan,1,0.0,0.600000023842,1,-1.38227562998
1551909187.6873,0,1,60.0,0,1,1.41999995708,nan,1,0.0,0.600000023842,1,-1.49599286379
1551909187.6930,1,1,60.0,0,1,1.41999995708,nan,1,0.0,0.600000023842,1,-1.49599286379
1551909187.6976,0,1,60.0,0,1,1.15999996662,nan,1,0.0,0.600000023842,1,-2.06074436632
1551909187.7030,1,1,60.0,0,1,1.15999996662,nan,1,0.0,0.600000023842,1,-2.06074436632
1551909187.7079,0,1,60.0,0,1,1.15999996662,nan,1,0.0,0.600000023842,1,-2.21483201191
1551909187.7130,1,1,60.0,0,1,1.15999996662,nan,1,0.0,0.600000023842,1,-2.21483201191
1551909187.7172,0,1,60.0,0,1,1.15999996662,nan,1,0.0,0.600000023842,1,-1.89302271698
1551909187.7230,1,1,60.0,0,1,1.15999996662,nan,1,0.0,0.600000023842,1,-1.89302271698
1551909187.7276,0,1,60.0,0,1,1.05999994278,nan,1,0.0,0.600000023842,1,-1.97084932804
1551909187.7331,1,1,60.0,0,1,1.05999994278,nan,1,0.0,0.600000023842,1,-1.97084932804
1551909187.7380,0,1,60.0,0,1,1.05999994278,nan,1,0.0,0.600000023842,1,-2.10750865876
1551909187.7430,1,1,60.0,0,1,1.05999994278,nan,1,0.0,0.600000023842,1,-2.10750865876
1551909187.7474,0,1,60.0,0,1,1.05999994278,nan,1,0.0,0.600000023842,1,-1.92070706593
1551909187.7530,1,1,60.0,0,1,1.05999994278,nan,1,0.0,0.600000023842,1,-1.92070706593
1551909187.7577,0,1,60.0,0,1,1.29999995232,nan,1,0.0,0.600000023842,1,-1.66012804006
1551909187.7630,1,1,60.0,0,1,1.29999995232,nan,1,0.0,0.600000023842,1,-1.66012804006
1551909187.7681,0,1,60.0,0,1,1.29999995232,nan,1,0.0,0.600000023842,1,-1.5997034241
1551909187.7730,1,1,60.0,0,1,1.29999995232,nan,1,0.0,0.600000023842,1,-1.5997034241
1551909187.7774,0,1,60.0,0,1,1.29999995232,nan,1,0.0,0.600000023842,1,-1.38898626919
1551909187.7830,1,1,60.0,0,1,1.29999995232,nan,1,0.0,0.600000023842,1,-1.38898626919
1551909187.7877,0,1,60.0,0,1,1.29999995232,nan,1,0.0,0.600000023842,1,-1.1919331234
1551909187.7930,1,1,60.0,0,1,1.29999995232,nan,1,0.0,0.600000023842,1,-1.1919331234
1551909187.7981,0,1,60.0,0,1,1.62999999523,nan,1,0.0,0.600000023842,1,-1.26886677355
1551909187.8030,1,1,60.0,0,1,1.62999999523,nan,1,0.0,0.600000023842,1,-1.26886677355
1551909187.8074,0,1,60.0,0,1,1.62999999523,nan,1,0.0,0.600000023842,1,-1.1367261324
1551909187.8130,1,1,60.0,0,1,1.62999999523,nan,1,0.0,0.600000023842,1,-1.1367261324
1551909187.8177,0,1,60.0,0,1,1.62999999523,nan,1,0.0,0.600000023842,1,-1.01608190977
1551909187.8230,1,1,60.0,0,1,1.62999999523,nan,1,0.0,0.600000023842,1,-1.01608190977
1551909187.8281,0,1,60.0,0,1,1.55999994278,nan,1,0.0,0.600000023842,1,-1.07045515225
1551909187.8330,1,1,60.0,0,1,1.55999994278,nan,1,0.0,0.600000023842,1,-1.07045515225
1551909187.8374,0,1,60.0,0,1,1.55999994278,nan,1,0.0,0.600000023842,1,-1.18935942175
1551909187.8430,1,1,60.0,0,1,1.55999994278,nan,1,0.0,0.600000023842,1,-1.18935942175
1551909187.8477,0,1,60.0,0,1,1.55999994278,nan,1,0.0,0.600000023842,1,-1.28878575041
1551909187.8530,1,1,60.0,0,1,1.55999994278,nan,1,0.0,0.600000023842,1,-1.28878575041
1551909187.8580,0,1,60.0,0,1,1.28999996185,nan,1,0.0,0.600000023842,1,-1.28878575041
1551909187.8630,1,1,60.0,0,1,1.28999996185,nan,1,0.0,0.600000023842,1,-1.28878575041
1551909187.8674,0,1,60.0,0,1,1.28999996185,nan,1,0.0,0.600000023842,1,-1.49113878771
1551909187.8730,1,1,60.0,0,1,1.28999996185,nan,1,0.0,0.600000023842,1,-1.49113878771
1551909187.8777,0,1,60.0,0,1,1.28999996185,nan,1,0.0,0.600000023842,1,-1.49113878771
1551909187.8830,1,1,60.0,0,1,1.28999996185,nan,1,0.0,0.600000023842,1,-1.49113878771
1551909187.8881,0,1,60.0,0,1,1.28999996185,nan,1,0.0,0.600000023842,1,-1.67203050421
1551909187.8930,1,1,60.0,0,1,1.28999996185,nan,1,0.0,0.600000023842,1,-1.67203050421
1551909187.8974,0,1,60.0,0,1,1.0,nan,1,0.0,0.600000023842,1,-1.67203050421
1551909187.9030,1,1,60.0,0,1,1.0,nan,1,0.0,0.600000023842,1,-1.67203050421
1551909187.9077,0,1,60.0,0,1,1.0,nan,1,0.0,0.600000023842,1,-1.87718370218
1551909187.9130,1,1,60.0,0,1,1.0,nan,1,0.0,0.600000023842,1,-1.87718370218
1551909187.9180,0,1,60.0,0,1,1.0,nan,1,0.0,0.600000023842,1,-2.23814744063
1551909187.9230,1,1,60.0,0,1,1.0,nan,1,0.0,0.600000023842,1,-2.23814744063
1551909187.9274,0,1,60.0,0,1,0.879999995232,nan,1,0.0,0.600000023842,1,-2.17483762552
1551909187.9330,1,1,60.0,0,1,0.879999995232,nan,1,0.0,0.600000023842,1,-2.17483762552
1551909187.9378,0,1,60.0,0,1,0.879999995232,nan,1,0.0,0.600000023842,1,-1.97809399159
1551909187.9430,1,1,60.0,0,1,0.879999995232,nan,1,0.0,0.600000023842,1,-1.97809399159
1551909187.9472,0,1,60.0,0,1,0.879999995232,nan,1,0.0,0.600000023842,1,-1.99386867363
1551909187.9530,1,1,60.0,0,1,0.879999995232,nan,1,0.0,0.600000023842,1,-1.99386867363
1551909187.9575,0,1,60.0,0,1,0.910000026226,nan,1,0.0,0.600000023842,1,-1.8941329118
1551909187.9630,1,1,60.0,0,1,0.910000026226,nan,1,0.0,0.600000023842,1,-1.8941329118
1551909187.9678,0,1,60.0,0,1,0.910000026226,nan,1,0.0,0.600000023842,1,-1.87793962518
1551909187.9730,1,1,60.0,0,1,0.910000026226,nan,1,0.0,0.600000023842,1,-1.87793962518
1551909187.9774,0,1,60.0,0,1,0.910000026226,nan,1,0.0,0.600000023842,1,-1.42860477937
1551909187.9830,1,1,60.0,0,1,0.910000026226,nan,1,0.0,0.600000023842,1,-1.42860477937
1551909187.9877,0,1,60.0,0,1,0.910000026226,nan,1,0.0,0.600000023842,1,-1.18158735457
1551909187.9930,1,1,60.0,0,1,0.910000026226,nan,1,0.0,0.600000023842,1,-1.18158735457
1551909187.9980,0,1,60.0,0,1,1.20000004768,nan,1,0.0,0.600000023842,1,-1.18207190802
1551909188.0030,1,1,60.0,0,1,1.20000004768,nan,1,0.0,0.600000023842,1,-1.18207190802
1551909188.0073,0,1,60.0,0,1,1.20000004768,nan,1,0.0,0.600000023842,1,-1.15400654203
1551909188.0130,1,1,60.0,0,1,1.20000004768,nan,1,0.0,0.600000023842,1,-1.15400654203
1551909188.0176,0,1,60.0,0,1,1.20000004768,nan,1,0.0,0.600000023842,1,-1.17580450941
1551909188.0230,1,1,60.0,0,1,1.20000004768,nan,1,0.0,0.600000023842,1,-1.17580450941
1551909188.0279,0,1,60.0,0,1,1.22000002861,nan,1,0.0,0.600000023842,1,-1.13821600042
1551909188.0330,1,1,60.0,0,1,1.22000002861,nan,1,0.0,0.600000023842,1,-1.13821600042
1551909188.0373,0,1,60.0,0,1,1.22000002861,nan,1,0.0,0.600000023842,1,-1.00331593897
1551909188.0430,1,1,60.0,0,1,1.22000002861,nan,1,0.0,0.600000023842,1,-1.00331593897
1551909188.0477,0,1,60.0,0,1,1.22000002861,nan,1,0.0,0.600000023842,1,-1.10046782837
1551909188.0530,1,1,60.0,0,1,1.22000002861,nan,1,0.0,0.600000023842,1,-1.10046782837
1551909188.0580,0,1,60.0,0,1,0.819999992847,nan,1,0.0,0.600000023842,1,-1.19181996439
1551909188.0630,1,1,60.0,0,1,0.819999992847,nan,1,0.0,0.600000023842,1,-1.19181996439
1551909188.0673,0,1,60.0,0,1,0.819999992847,nan,1,0.0,0.600000023842,1,-1.33503145539
1551909188.0729,1,1,60.0,0,1,0.819999992847,nan,1,0.0,0.600000023842,1,-1.33503145539
1551909188.0776,0,1,60.0,0,1,0.819999992847,nan,1,0.0,0.600000023842,1,-1.53313660657
1551909188.0830,1,1,60.0,0,1,0.819999992847,nan,1,0.0,0.600000023842,1,-1.53313660657
1551909188.0880,0,1,60.0,0,1,0.819999992847,nan,1,0.0,0.600000023842,1,-1.7915799095
1551909188.0930,1,1,60.0,0,1,0.819999992847,nan,1,0.0,0.600000023842,1,-1.7915799095
1551909188.0973,0,1,60.0,0,1,0.689999997616,nan,1,0.0,0.600000023842,1,-1.84737849123
1551909188.1030,1,1,60.0,0,1,0.689999997616,nan,1,0.0,0.600000023842,1,-1.84737849123
1551909188.1077,0,1,60.0,0,1,0.689999997616,nan,1,0.0,0.600000023842,1,-1.85424754414
1551909188.1130,1,1,60.0,0,1,0.689999997616,nan,1,0.0,0.600000023842,1,-1.85424754414
1551909188.1172,0,1,60.0,0,1,0.689999997616,nan,1,0.0,0.600000023842,1,-1.9395750259
1551909188.1230,1,1,60.0,0,1,0.689999997616,nan,1,0.0,0.600000023842,1,-1.9395750259
1551909188.1277,0,1,60.0,0,1,0.620000004768,nan,1,0.0,0.600000023842,1,-2.02534575362
1551909188.1330,1,1,60.0,0,1,0.620000004768,nan,1,0.0,0.600000023842,1,-2.02534575362
1551909188.1380,0,1,60.0,0,1,0.620000004768,nan,1,0.0,0.600000023842,1,-1.93703192854
1551909188.1430,1,1,60.0,0,1,0.620000004768,nan,1,0.0,0.600000023842,1,-1.93703192854
1551909188.1473,0,1,60.0,0,1,0.620000004768,nan,1,0.0,0.600000023842,1,-1.87277326161
1551909188.1530,1,1,60.0,0,1,0.620000004768,nan,1,0.0,0.600000023842,1,-1.87277326161
1551909188.1576,0,1,60.0,0,1,0.75,nan,1,0.0,0.600000023842,1,-1.69981368616
1551909188.1630,1,1,60.0,0,1,0.75,nan,1,0.0,0.600000023842,1,-1.69981368616
1551909188.1679,0,1,60.0,0,1,0.75,nan,1,0.0,0.600000023842,1,-1.54965958451
1551909188.1730,1,1,60.0,0,1,0.75,nan,1,0.0,0.600000023842,1,-1.54965958451
1551909188.1772,0,1,60.0,0,1,0.75,nan,1,0.0,0.600000023842,1,-1.35151698793
1551909188.1830,1,1,60.0,0,1,0.75,nan,1,0.0,0.600000023842,1,-1.35151698793
1551909188.1876,0,1,60.0,0,1,0.75,nan,1,0.0,0.600000023842,1,-1.20226568646
1551909188.1930,1,1,60.0,0,1,0.75,nan,1,0.0,0.600000023842,1,-1.20226568646
1551909188.1978,0,1,60.0,0,1,0.879999995232,nan,1,0.0,0.600000023842,1,-1.16507201618
1551909188.2030,1,1,60.0,0,1,0.879999995232,nan,1,0.0,0.600000023842,1,-1.16507201618
1551909188.2071,0,1,60.0,0,1,0.879999995232,nan,1,0.0,0.600000023842,1,-1.18947758559
1551909188.2130,1,1,60.0,0,1,0.879999995232,nan,1,0.0,0.600000023842,1,-1.18947758559
1551909188.2175,0,1,60.0,0,1,0.879999995232,nan,1,0.0,0.600000023842,1,-1.23726125325
1551909188.2230,1,1,60.0,0,1,0.879999995232,nan,1,0.0,0.600000023842,1,-1.23726125325
1551909188.2279,0,1,60.0,0,1,0.810000002384,nan,1,0.0,0.600000023842,1,-1.18821620664
1551909188.2330,1,1,60.0,0,1,0.810000002384,nan,1,0.0,0.600000023842,1,-1.18821620664
1551909188.2373,0,1,60.0,0,1,0.810000002384,nan,1,0.0,0.600000023842,1,-1.28887619387
1551909188.2430,1,1,60.0,0,1,0.810000002384,nan,1,0.0,0.600000023842,1,-1.28887619387
1551909188.2476,0,1,60.0,0,1,0.810000002384,nan,1,0.0,0.600000023842,1,-1.40654036989
1551909188.2530,1,1,60.0,0,1,0.810000002384,nan,1,0.0,0.600000023842,1,-1.40654036989
1551909188.2573,0,1,60.0,0,1,0.550000011921,nan,1,0.0,0.600000023842,1,-1.59081826348
1551909188.2630,1,1,60.0,0,1,0.550000011921,nan,1,0.0,0.600000023842,1,-1.59081826348
1551909188.2678,0,1,60.0,0,1,0.550000011921,nan,1,0.0,0.600000023842,1,-1.7535987701
1551909188.2729,1,1,60.0,0,1,0.550000011921,nan,1,0.0,0.600000023842,1,-1.7535987701
1551909188.2781,0,1,60.0,0,1,0.550000011921,nan,1,0.0,0.600000023842,1,-1.7487741669
1551909188.2830,1,1,60.0,0,1,0.550000011921,nan,1,0.0,0.600000023842,1,-1.7487741669
1551909188.2874,0,1,60.0,0,1,0.550000011921,nan,1,0.0,0.600000023842,1,-1.86911747023
1551909188.2930,1,1,60.0,0,1,0.550000011921,nan,1,0.0,0.600000023842,1,-1.86911747023
1551909188.2976,0,1,60.0,0,1,0.389999985695,nan,1,0.0,0.600000023842,1,-1.96828432099
1551909188.3030,1,1,60.0,0,1,0.389999985695,nan,1,0.0,0.600000023842,1,-1.96828432099
1551909188.3079,0,1,60.0,0,1,0.389999985695,nan,1,0.0,0.600000023842,1,-1.87400085205
1551909188.3130,1,1,60.0,0,1,0.389999985695,nan,1,0.0,0.600000023842,1,-1.87400085205
1551909188.3173,0,1,60.0,0,1,0.389999985695,nan,1,0.0,0.600000023842,1,-1.84237336413
1551909188.3230,1,1,60.0,0,1,0.389999985695,nan,1,0.0,0.600000023842,1,-1.84237336413
1551909188.3276,0,1,60.0,0,1,0.419999986887,nan,1,0.0,0.600000023842,1,-1.59157711618
1551909188.3330,1,1,60.0,0,1,0.419999986887,nan,1,0.0,0.600000023842,1,-1.59157711618
1551909188.3380,0,1,60.0,0,1,0.419999986887,nan,1,0.0,0.600000023842,1,-1.54104425689
1551909188.3430,1,1,60.0,0,1,0.419999986887,nan,1,0.0,0.600000023842,1,-1.54104425689
1551909188.3473,0,1,60.0,0,1,0.419999986887,nan,1,0.0,0.600000023842,1,-1.51843290616
1551909188.3530,1,1,60.0,0,1,0.419999986887,nan,1,0.0,0.600000023842,1,-1.51843290616
1551909188.3577,0,1,60.0,0,1,0.560000002384,nan,1,0.0,0.600000023842,1,-1.40416334216
1551909188.3630,1,1,60.0,0,1,0.560000002384,nan,1,0.0,0.600000023842,1,-1.40416334216
1551909188.3680,0,1,60.0,0,1,0.560000002384,nan,1,0.0,0.600000023842,1,-1.27878564428
1551909188.3730,1,1,60.0,0,1,0.560000002384,nan,1,0.0,0.600000023842,1,-1.27878564428
1551909188.3773,0,1,60.0,0,1,0.560000002384,nan,1,0.0,0.600000023842,1,-1.24159075248
1551909188.3830,1,1,60.0,0,1,0.560000002384,nan,1,0.0,0.600000023842,1,-1.24159075248
1551909188.3877,0,1,60.0,0,1,0.560000002384,nan,1,0.0,0.600000023842,1,-1.23436841959
1551909188.3930,1,1,60.0,0,1,0.560000002384,nan,1,0.0,0.600000023842,1,-1.23436841959
1551909188.3971,0,1,60.0,0,1,0.469999998808,nan,1,0.0,0.600000023842,1,-1.19973349555
1551909188.4030,1,1,60.0,0,1,0.469999998808,nan,1,0.0,0.600000023842,1,-1.19973349555
1551909188.4074,0,1,60.0,0,1,0.469999998808,nan,1,0.0,0.600000023842,1,-1.31903592888
1551909188.4130,1,1,60.0,0,1,0.469999998808,nan,1,0.0,0.600000023842,1,-1.31903592888
1551909188.4178,0,1,60.0,0,1,0.469999998808,nan,1,0.0,0.600000023842,1,-1.51902788352
1551909188.4230,1,1,60.0,0,1,0.469999998808,nan,1,0.0,0.600000023842,1,-1.51902788352
1551909188.4271,0,1,60.0,0,1,0.20000000298,nan,1,0.0,0.600000023842,1,-1.56728680167
1551909188.4330,1,1,60.0,0,1,0.20000000298,nan,1,0.0,0.600000023842,1,-1.56728680167
1551909188.4374,0,1,60.0,0,1,0.20000000298,nan,1,0.0,0.600000023842,1,-1.71153956436
1551909188.4430,1,1,60.0,0,1,0.20000000298,nan,1,0.0,0.600000023842,1,-1.71153956436
1551909188.4477,0,1,60.0,0,1,0.20000000298,nan,1,0.0,0.600000023842,1,-1.75134527163
1551909188.4530,1,1,60.0,0,1,0.20000000298,nan,1,0.0,0.600000023842,1,-1.75134527163
1551909188.4580,0,1,60.0,0,1,0.20000000298,nan,1,0.0,0.600000023842,1,-1.73031926991
1551909188.4630,1,1,60.0,0,1,0.20000000298,nan,1,0.0,0.600000023842,1,-1.73031926991
1551909188.4674,0,1,60.0,0,1,0.20000000298,nan,1,0.0,0.600000023842,1,-1.77551661452
1551909188.4730,1,1,60.0,0,1,0.20000000298,nan,1,0.0,0.600000023842,1,-1.77551661452
1551909188.4777,0,1,60.0,0,1,0.20000000298,nan,1,0.0,0.600000023842,1,-1.76606235625
1551909188.4830,1,1,60.0,0,1,0.20000000298,nan,1,0.0,0.600000023842,1,-1.76606235625
1551909188.4880,0,1,60.0,0,1,0.20000000298,nan,1,0.0,0.600000023842,1,-1.68853214836
1551909188.4930,1,1,60.0,0,1,0.20000000298,nan,1,0.0,0.600000023842,1,-1.68853214836
1551909188.4973,0,1,60.0,0,1,0.20000000298,nan,1,0.0,0.600000023842,1,-1.61208801365
1551909188.5030,1,1,60.0,0,1,0.20000000298,nan,1,0.0,0.600000023842,1,-1.61208801365
1551909188.5076,0,1,60.0,0,1,0.20000000298,nan,1,0.0,0.600000023842,1,-1.55653266795
1551909188.5130,1,1,60.0,0,1,0.20000000298,nan,1,0.0,0.600000023842,1,-1.55653266795
1551909188.5179,0,1,60.0,0,1,0.20000000298,nan,1,0.0,0.600000023842,1,-1.31208641931
1551909188.5230,1,1,60.0,0,1,0.20000000298,nan,1,0.0,0.600000023842,1,-1.31208641931
1551909188.5272,0,1,60.0,0,1,0.270000010729,nan,1,0.0,0.600000023842,1,-1.31208641931
1551909188.5330,1,1,60.0,0,1,0.270000010729,nan,1,0.0,0.600000023842,1,-1.31208641931
1551909188.5376,0,1,60.0,0,1,0.270000010729,nan,1,0.0,0.600000023842,1,-1.23920137797
1551909188.5430,1,1,60.0,0,1,0.270000010729,nan,1,0.0,0.600000023842,1,-1.23920137797
1551909188.5479,0,1,60.0,0,1,0.270000010729,nan,1,0.0,0.600000023842,1,-1.22017237304
1551909188.5530,1,1,60.0,0,1,0.270000010729,nan,1,0.0,0.600000023842,1,-1.22017237304
1551909188.5575,0,1,60.0,0,1,0.270000010729,nan,1,0.0,0.600000023842,1,-1.24303700745
1551909188.5630,1,1,60.0,0,1,0.270000010729,nan,1,0.0,0.600000023842,1,-1.24303700745
1551909188.5679,0,1,60.0,0,1,0.239999994636,nan,1,0.0,0.600000023842,1,-1.21512945466
1551909188.5730,1,1,60.0,0,1,0.239999994636,nan,1,0.0,0.600000023842,1,-1.21512945466
1551909188.5773,0,1,60.0,0,1,0.239999994636,nan,1,0.0,0.600000023842,1,-1.24796021775
1551909188.5830,1,1,60.0,0,1,0.239999994636,nan,1,0.0,0.600000023842,1,-1.24796021775
1551909188.5876,0,1,60.0,0,1,0.239999994636,nan,1,0.0,0.600000023842,1,-1.29434538456
1551909188.5930,1,1,60.0,0,1,0.239999994636,nan,1,0.0,0.600000023842,1,-1.29434538456
1551909188.5979,0,1,60.0,0,1,0.0599999986589,nan,1,0.0,0.600000023842,1,-1.3597004403
1551909188.6030,1,1,60.0,0,1,0.0599999986589,nan,1,0.0,0.600000023842,1,-1.3597004403
1551909188.6073,0,1,60.0,0,1,0.0599999986589,nan,1,0.0,0.600000023842,1,-1.43121754889
1551909188.6130,1,1,60.0,0,1,0.0599999986589,nan,1,0.0,0.600000023842,1,-1.43121754889
1551909188.6179,0,1,60.0,0,1,0.0599999986589,nan,1,0.0,0.600000023842,1,-1.46973689398
1551909188.6230,1,1,60.0,0,1,0.0599999986589,nan,1,0.0,0.600000023842,1,-1.46973689398
1551909188.6272,0,1,60.0,0,1,0.0599999986589,nan,1,0.0,0.600000023842,1,-1.48697829567
1551909188.6330,1,1,60.0,0,1,0.0599999986589,nan,1,0.0,0.600000023842,1,-1.48697829567
1551909188.6376,0,1,60.0,0,1,0.0599999986589,nan,1,0.0,0.600000023842,1,-1.37079803515
1551909188.6430,1,1,60.0,0,1,0.0599999986589,nan,1,0.0,0.600000023842,1,-1.37079803515
1551909188.6472,0,1,60.0,0,1,0.0599999986589,nan,1,0.0,0.600000023842,1,-1.0743055273
1551909188.6530,1,1,60.0,0,1,0.0599999986589,nan,1,0.0,0.600000023842,1,-1.0743055273
1551909188.6575,0,1,60.0,0,1,0.0599999986589,nan,1,0.0,0.600000023842,1,-0.885464962154
1551909188.6630,1,1,60.0,0,1,0.0599999986589,nan,1,0.0,0.600000023842,1,-0.885464962154
1551909188.6679,0,1,60.0,0,1,0.0399999991059,nan,1,0.0,0.600000023842,1,-0.553344320418
1551909188.6729,1,1,60.0,0,1,0.0399999991059,nan,1,0.0,0.600000023842,1,-0.553344320418
1551909188.6772,0,1,60.0,0,1,0.0399999991059,nan,1,0.0,0.600000023842,1,-0.176071555639
1551909188.6830,1,1,60.0,0,1,0.0399999991059,nan,1,0.0,0.600000023842,1,-0.176071555639
1551909188.6874,0,1,60.0,0,1,0.0399999991059,nan,1,0.0,0.600000023842,1,-0.176071555639
1551909188.6930,1,1,60.0,0,1,0.0399999991059,nan,1,0.0,0.600000023842,1,-0.176071555639
1551909188.6977,0,1,60.0,0,1,0.0299999993294,nan,1,0.0,0.600000023842,1,0.170259614298
1551909188.7030,1,1,60.0,0,1,0.0299999993294,nan,1,0.0,0.600000023842,1,0.170259614298
1551909188.7070,0,1,60.0,0,1,0.0299999993294,nan,1,0.0,0.600000023842,1,0.289282235636
1551909188.7130,1,1,60.0,0,1,0.0299999993294,nan,1,0.0,0.600000023842,1,0.289282235636
1551909188.7174,0,1,60.0,0,1,0.0299999993294,nan,1,0.0,0.600000023842,1,0.360502801031
1551909188.7230,1,1,60.0,0,1,0.0299999993294,nan,1,0.0,0.600000023842,1,0.360502801031
1551909188.7277,0,1,60.0,0,1,0.00999999977648,nan,1,0.0,0.600000023842,1,0.512087815468
1551909188.7330,1,1,60.0,0,1,0.00999999977648,nan,1,0.0,0.600000023842,1,0.512087815468
1551909188.7380,0,1,60.0,0,1,0.00999999977648,nan,1,0.0,0.600000023842,1,0.496270212625
1551909188.7430,1,1,60.0,0,1,0.00999999977648,nan,1,0.0,0.600000023842,1,0.496270212625
1551909188.7473,0,1,60.0,0,1,0.00999999977648,nan,1,0.0,0.600000023842,1,0.52710766236
1551909188.7530,1,1,60.0,0,1,0.00999999977648,nan,1,0.0,0.600000023842,1,0.52710766236
1551909188.7576,0,1,60.0,0,1,0.00999999977648,nan,1,0.0,0.600000023842,1,0.476127286617
1551909188.7630,1,1,60.0,0,1,0.00999999977648,nan,1,0.0,0.600000023842,1,0.476127286617
1551909188.7680,0,1,60.0,0,1,0.0500000007451,nan,1,0.0,0.600000023842,1,0.42381453649
1551909188.7730,1,1,60.0,0,1,0.0500000007451,nan,1,0.0,0.600000023842,1,0.42381453649
1551909188.7775,0,1,60.0,0,1,0.0500000007451,nan,1,0.0,0.600000023842,1,0.392187292409
1551909188.7830,1,1,60.0,0,1,0.0500000007451,nan,1,0.0,0.600000023842,1,0.392187292409
1551909188.7880,0,1,60.0,0,1,0.0500000007451,nan,1,0.0,0.600000023842,1,0.351296821432
1551909188.7930,1,1,60.0,0,1,0.0500000007451,nan,1,0.0,0.600000023842,1,0.351296821432
1551909188.7973,0,1,60.0,0,1,0.0399999991059,nan,1,0.0,0.600000023842,1,0.326760572454
1551909188.8030,1,1,60.0,0,1,0.0399999991059,nan,1,0.0,0.600000023842,1,0.326760572454
1551909188.8076,0,1,60.0,0,1,0.0399999991059,nan,1,0.0,0.600000023842,1,0.272352680128
1551909188.8130,1,1,60.0,0,1,0.0399999991059,nan,1,0.0,0.600000023842,1,0.272352680128
1551909188.8180,0,1,60.0,0,1,0.0399999991059,nan,1,0.0,0.600000023842,1,0.261910223285
1551909188.8230,1,1,60.0,0,1,0.0399999991059,nan,1,0.0,0.600000023842,1,0.261910223285
1551909188.8274,0,1,60.0,0,1,0.0299999993294,nan,1,0.0,0.600000023842,1,0.100080935232
1551909188.8330,1,1,60.0,0,1,0.0299999993294,nan,1,0.0,0.600000023842,1,0.100080935232
1551909188.8377,0,1,60.0,0,1,0.0299999993294,nan,1,0.0,0.600000023842,1,0.0132958390777
1551909188.8430,1,1,60.0,0,1,0.0299999993294,nan,1,0.0,0.600000023842,1,0.0132958390777
1551909188.8481,0,1,60.0,0,1,0.0299999993294,nan,1,0.0,0.600000023842,1,-0.0229076293068
1551909188.8530,1,1,60.0,0,1,0.0299999993294,nan,1,0.0,0.600000023842,1,-0.0229076293068
1551909188.8574,0,1,60.0,0,1,0.0299999993294,nan,1,0.0,0.600000023842,1,-0.0909226574912
1551909188.8630,1,1,60.0,0,1,0.0299999993294,nan,1,0.0,0.600000023842,1,-0.0909226574912
1551909188.8678,0,1,60.0,0,1,0.0299999993294,nan,1,0.0,0.600000023842,1,-0.068617877083
1551909188.8730,1,1,60.0,0,1,0.0299999993294,nan,1,0.0,0.600000023842,1,-0.068617877083
1551909188.8781,0,1,60.0,0,1,0.0299999993294,nan,1,0.0,0.600000023842,1,-0.0892951774736
1551909188.8830,1,1,60.0,0,1,0.0299999993294,nan,1,0.0,0.600000023842,1,-0.0892951774736
1551909188.8875,0,1,60.0,0,1,0.0299999993294,nan,1,0.0,0.600000023842,1,-0.088791181366
1551909188.8929,1,1,60.0,0,1,0.0299999993294,nan,1,0.0,0.600000023842,1,-0.088791181366
1551909188.8978,0,1,60.0,0,1,0.019999999553,nan,1,0.0,0.600000023842,1,-0.0822652448132
1551909188.9030,1,1,60.0,0,1,0.019999999553,nan,1,0.0,0.600000023842,1,-0.0822652448132
1551909188.9071,0,1,60.0,0,1,0.019999999553,nan,1,0.0,0.600000023842,1,-0.120818068769
1551909188.9130,1,1,60.0,0,1,0.019999999553,nan,1,0.0,0.600000023842,1,-0.120818068769
1551909188.9174,0,1,60.0,0,1,0.019999999553,nan,1,0.0,0.600000023842,1,-0.141431982658
1551909188.9230,1,1,60.0,0,1,0.019999999553,nan,1,0.0,0.600000023842,1,-0.141431982658
1551909188.9278,0,1,60.0,0,1,0.00999999977648,nan,1,0.0,0.600000023842,1,-0.115318417452
1551909188.9330,1,1,60.0,0,1,0.00999999977648,nan,1,0.0,0.600000023842,1,-0.115318417452
1551909188.9371,0,1,60.0,0,1,0.00999999977648,nan,1,0.0,0.600000023842,1,-0.0424941473611
1551909188.9430,1,1,60.0,0,1,0.00999999977648,nan,1,0.0,0.600000023842,1,-0.0424941473611
1551909188.9474,0,1,60.0,0,1,0.00999999977648,nan,1,0.0,0.600000023842,1,-0.00771143393586
1551909188.9530,1,1,60.0,0,1,0.00999999977648,nan,1,0.0,0.600000023842,1,-0.00771143393586
1551909188.9577,0,1,60.0,0,1,0.00999999977648,nan,1,0.0,0.600000023842,1,-0.00771143393586
1551909188.9630,1,1,60.0,0,1,0.00999999977648,nan,1,0.0,0.600000023842,1,-0.00771143393586
1551909188.9680,0,1,60.0,0,1,0.00999999977648,nan,1,0.0,0.600000023842,1,-0.0712414445842
1551909188.9730,1,1,60.0,0,1,0.00999999977648,nan,1,0.0,0.600000023842,1,-0.0712414445842
1551909188.9773,0,1,60.0,0,1,0.00999999977648,nan,1,0.0,0.600000023842,1,-0.0428694283326
1551909188.9830,1,1,60.0,0,1,0.00999999977648,nan,1,0.0,0.600000023842,1,-0.0428694283326
1551909188.9876,0,1,60.0,0,1,0.00999999977648,nan,1,0.0,0.600000023842,1,-0.0428694283326
1551909188.9930,1,1,60.0,0,1,0.00999999977648,nan,1,0.0,0.600000023842,1,-0.0428694283326
1551909188.9980,0,1,60.0,0,1,0.0,nan,1,0.0,0.600000023842,1,-0.0150755838618
1551909189.0030,1,1,60.0,0,1,0.0,nan,1,0.0,0.600000023842,1,-0.0150755838618
